DS_NAME,N,NL,CLF_NAME,KFOLDS,TRE,TESTE,TESTE_STD,E_DIFF,REGULARIZATIN,HPS
Moon,10,0.0,svm,5,0.725,0.5,0.31622776601683794,0.22499999999999998,1.0,0.001
Moon,10,0.0,svm,5,0.725,0.5,0.31622776601683794,0.22499999999999998,1.0,0.005
Moon,10,0.0,svm,5,0.725,0.5,0.31622776601683794,0.22499999999999998,1.0,0.01
Moon,10,0.0,svm,5,0.75,0.5,0.31622776601683794,0.25,1.0,0.1
Moon,10,0.0,svm,5,0.825,0.6,0.37416573867739417,0.22499999999999998,1.0,0.5
Moon,10,0.0,svm,5,0.925,0.7,0.2449489742783178,0.2250000000000001,1.0,1.0
Moon,10,0.0,svm,5,1.0,0.7,0.2449489742783178,0.30000000000000004,1.0,5.0
Moon,10,0.0,svm,5,1.0,0.7,0.2449489742783178,0.30000000000000004,1.0,10.0
Moon,10,0.0,svm,5,1.0,0.4,0.37416573867739417,0.6,1.0,100.0
Moon,10,0.0,svm,5,1.0,0.4,0.37416573867739417,0.6,1.0,1000.0
Moon,10,0.1,svm,5,0.8,0.8,0.2449489742783178,0.0,1.0,0.001
Moon,10,0.1,svm,5,0.8,0.8,0.2449489742783178,0.0,1.0,0.005
Moon,10,0.1,svm,5,0.8,0.8,0.2449489742783178,0.0,1.0,0.01
Moon,10,0.1,svm,5,0.8,0.8,0.2449489742783178,0.0,1.0,0.1
Moon,10,0.1,svm,5,0.8,0.8,0.2449489742783178,0.0,1.0,0.5
Moon,10,0.1,svm,5,0.8,0.8,0.2449489742783178,0.0,1.0,1.0
Moon,10,0.1,svm,5,1.0,0.8,0.2449489742783178,0.19999999999999996,1.0,5.0
Moon,10,0.1,svm,5,1.0,0.8,0.2449489742783178,0.19999999999999996,1.0,10.0
Moon,10,0.1,svm,5,1.0,0.8,0.2449489742783178,0.19999999999999996,1.0,100.0
Moon,10,0.1,svm,5,1.0,0.8,0.2449489742783178,0.19999999999999996,1.0,1000.0
Moon,10,0.2,svm,5,0.7,0.7,0.2449489742783178,0.0,1.0,0.001
Moon,10,0.2,svm,5,0.7,0.7,0.2449489742783178,0.0,1.0,0.005
Moon,10,0.2,svm,5,0.7,0.7,0.2449489742783178,0.0,1.0,0.01
Moon,10,0.2,svm,5,0.775,0.7,0.2449489742783178,0.07500000000000007,1.0,0.1
Moon,10,0.2,svm,5,0.9,0.7,0.2449489742783178,0.20000000000000007,1.0,0.5
Moon,10,0.2,svm,5,0.95,0.7,0.2449489742783178,0.25,1.0,1.0
Moon,10,0.2,svm,5,1.0,0.7,0.2449489742783178,0.30000000000000004,1.0,5.0
Moon,10,0.2,svm,5,1.0,0.7,0.2449489742783178,0.30000000000000004,1.0,10.0
Moon,10,0.2,svm,5,1.0,0.7,0.2449489742783178,0.30000000000000004,1.0,100.0
Moon,10,0.2,svm,5,1.0,0.7,0.2449489742783178,0.30000000000000004,1.0,1000.0
Moon,10,0.3,svm,5,0.65,0.1,0.2,0.55,1.0,0.001
Moon,10,0.3,svm,5,0.65,0.1,0.2,0.55,1.0,0.005
Moon,10,0.3,svm,5,0.65,0.1,0.2,0.55,1.0,0.01
Moon,10,0.3,svm,5,0.7,0.1,0.2,0.6,1.0,0.1
Moon,10,0.3,svm,5,0.85,0.6,0.37416573867739417,0.25,1.0,0.5
Moon,10,0.3,svm,5,0.95,0.7,0.2449489742783178,0.25,1.0,1.0
Moon,10,0.3,svm,5,1.0,0.9,0.2,0.09999999999999998,1.0,5.0
Moon,10,0.3,svm,5,1.0,0.8,0.2449489742783178,0.19999999999999996,1.0,10.0
Moon,10,0.3,svm,5,1.0,0.4,0.37416573867739417,0.6,1.0,100.0
Moon,10,0.3,svm,5,1.0,0.4,0.37416573867739417,0.6,1.0,1000.0
Moon,10,0.4,svm,5,0.675,0.1,0.20000000000000004,0.5750000000000001,1.0,0.001
Moon,10,0.4,svm,5,0.675,0.1,0.20000000000000004,0.5750000000000001,1.0,0.005
Moon,10,0.4,svm,5,0.675,0.1,0.20000000000000004,0.5750000000000001,1.0,0.01
Moon,10,0.4,svm,5,0.775,0.3,0.24494897427831783,0.47500000000000003,1.0,0.1
Moon,10,0.4,svm,5,1.0,0.9,0.20000000000000004,0.09999999999999998,1.0,0.5
Moon,10,0.4,svm,5,1.0,0.9,0.20000000000000004,0.09999999999999998,1.0,1.0
Moon,10,0.4,svm,5,1.0,0.9,0.20000000000000004,0.09999999999999998,1.0,5.0
Moon,10,0.4,svm,5,1.0,0.7,0.4,0.30000000000000004,1.0,10.0
Moon,10,0.4,svm,5,1.0,0.1,0.20000000000000004,0.9,1.0,100.0
Moon,10,0.4,svm,5,1.0,0.1,0.20000000000000004,0.9,1.0,1000.0
Moon,10,0.5,svm,5,0.725,0.6,0.37416573867739417,0.125,1.0,0.001
Moon,10,0.5,svm,5,0.725,0.6,0.37416573867739417,0.125,1.0,0.005
Moon,10,0.5,svm,5,0.725,0.6,0.37416573867739417,0.125,1.0,0.01
Moon,10,0.5,svm,5,0.775,0.5,0.31622776601683794,0.275,1.0,0.1
Moon,10,0.5,svm,5,0.875,0.6,0.37416573867739417,0.275,1.0,0.5
Moon,10,0.5,svm,5,0.9,0.5,0.31622776601683794,0.4,1.0,1.0
Moon,10,0.5,svm,5,0.975,0.4,0.2,0.575,1.0,5.0
Moon,10,0.5,svm,5,1.0,0.4,0.2,0.6,1.0,10.0
Moon,10,0.5,svm,5,1.0,0.2,0.24494897427831783,0.8,1.0,100.0
Moon,10,0.5,svm,5,1.0,0.5,0.31622776601683794,0.5,1.0,1000.0
Moon,50,0.0,svm,5,0.6199999999999999,0.6199999999999999,0.132664991614216,0.0,1.0,0.001
Moon,50,0.0,svm,5,0.6199999999999999,0.6199999999999999,0.132664991614216,0.0,1.0,0.005
Moon,50,0.0,svm,5,0.6199999999999999,0.6199999999999999,0.132664991614216,0.0,1.0,0.01
Moon,50,0.0,svm,5,0.9349999999999999,0.9200000000000002,0.07483314773547882,0.014999999999999791,1.0,0.1
Moon,50,0.0,svm,5,0.9549999999999998,0.9400000000000001,0.07999999999999999,0.014999999999999791,1.0,0.5
Moon,50,0.0,svm,5,0.9800000000000001,0.96,0.04898979485566354,0.02000000000000013,1.0,1.0
Moon,50,0.0,svm,5,1.0,1.0,0.0,0.0,1.0,5.0
Moon,50,0.0,svm,5,1.0,1.0,0.0,0.0,1.0,10.0
Moon,50,0.0,svm,5,1.0,0.86,0.10198039027185571,0.14,1.0,100.0
Moon,50,0.0,svm,5,1.0,0.78,0.11661903789690603,0.21999999999999997,1.0,1000.0
Moon,50,0.1,svm,5,0.58,0.48,0.16,0.09999999999999998,1.0,0.001
Moon,50,0.1,svm,5,0.58,0.48,0.16,0.09999999999999998,1.0,0.005
Moon,50,0.1,svm,5,0.6849999999999999,0.56,0.16248076809271922,0.12499999999999989,1.0,0.01
Moon,50,0.1,svm,5,0.9400000000000001,0.9,0.08944271909999157,0.040000000000000036,1.0,0.1
Moon,50,0.1,svm,5,0.9800000000000001,0.9800000000000001,0.039999999999999994,0.0,1.0,0.5
Moon,50,0.1,svm,5,0.9800000000000001,0.9800000000000001,0.039999999999999994,0.0,1.0,1.0
Moon,50,0.1,svm,5,1.0,0.9800000000000001,0.039999999999999994,0.019999999999999907,1.0,5.0
Moon,50,0.1,svm,5,1.0,0.9800000000000001,0.039999999999999994,0.019999999999999907,1.0,10.0
Moon,50,0.1,svm,5,1.0,0.8400000000000001,0.13564659966250536,0.15999999999999992,1.0,100.0
Moon,50,0.1,svm,5,1.0,0.45999999999999996,0.04898979485566355,0.54,1.0,1000.0
Moon,50,0.2,svm,5,0.55,0.42000000000000004,0.132664991614216,0.13,1.0,0.001
Moon,50,0.2,svm,5,0.55,0.42000000000000004,0.132664991614216,0.13,1.0,0.005
Moon,50,0.2,svm,5,0.6199999999999999,0.5,0.1095445115010332,0.11999999999999988,1.0,0.01
Moon,50,0.2,svm,5,0.915,0.9199999999999999,0.07483314773547882,-0.004999999999999893,1.0,0.1
Moon,50,0.2,svm,5,0.93,0.9199999999999999,0.0748331477354788,0.01000000000000012,1.0,0.5
Moon,50,0.2,svm,5,0.96,0.96,0.04898979485566355,0.0,1.0,1.0
Moon,50,0.2,svm,5,0.9650000000000001,0.96,0.04898979485566355,0.0050000000000001155,1.0,5.0
Moon,50,0.2,svm,5,1.0,0.9399999999999998,0.04898979485566355,0.060000000000000164,1.0,10.0
Moon,50,0.2,svm,5,1.0,0.64,0.10198039027185571,0.36,1.0,100.0
Moon,50,0.2,svm,5,1.0,0.5,0.1095445115010332,0.5,1.0,1000.0
Moon,50,0.3,svm,5,0.6300000000000001,0.56,0.16248076809271922,0.07000000000000006,1.0,0.001
Moon,50,0.3,svm,5,0.6300000000000001,0.56,0.16248076809271922,0.07000000000000006,1.0,0.005
Moon,50,0.3,svm,5,0.655,0.56,0.16248076809271922,0.09499999999999997,1.0,0.01
Moon,50,0.3,svm,5,0.875,0.8400000000000001,0.07999999999999999,0.03499999999999992,1.0,0.1
Moon,50,0.3,svm,5,0.9,0.8800000000000001,0.09797958971132716,0.019999999999999907,1.0,0.5
Moon,50,0.3,svm,5,0.905,0.8800000000000001,0.09797958971132716,0.02499999999999991,1.0,1.0
Moon,50,0.3,svm,5,0.9450000000000001,0.8800000000000001,0.11661903789690603,0.06499999999999995,1.0,5.0
Moon,50,0.3,svm,5,0.9650000000000001,0.82,0.09797958971132713,0.14500000000000013,1.0,10.0
Moon,50,0.3,svm,5,1.0,0.6599999999999999,0.16248076809271922,0.3400000000000001,1.0,100.0
Moon,50,0.3,svm,5,1.0,0.43999999999999995,0.16248076809271922,0.56,1.0,1000.0
Moon,50,0.4,svm,5,0.6599999999999999,0.6599999999999999,0.1854723699099141,0.0,1.0,0.001
Moon,50,0.4,svm,5,0.6599999999999999,0.6599999999999999,0.1854723699099141,0.0,1.0,0.005
Moon,50,0.4,svm,5,0.6599999999999999,0.6599999999999999,0.1854723699099141,0.0,1.0,0.01
Moon,50,0.4,svm,5,0.85,0.78,0.07483314773547886,0.06999999999999995,1.0,0.1
Moon,50,0.4,svm,5,0.9,0.86,0.04898979485566354,0.040000000000000036,1.0,0.5
Moon,50,0.4,svm,5,0.915,0.8400000000000001,0.04898979485566354,0.07499999999999996,1.0,1.0
Moon,50,0.4,svm,5,0.96,0.8400000000000001,0.13564659966250536,0.11999999999999988,1.0,5.0
Moon,50,0.4,svm,5,0.99,0.8,0.10954451150103324,0.18999999999999995,1.0,10.0
Moon,50,0.4,svm,5,1.0,0.74,0.16248076809271922,0.26,1.0,100.0
Moon,50,0.4,svm,5,1.0,0.6599999999999999,0.1854723699099141,0.3400000000000001,1.0,1000.0
Moon,50,0.5,svm,5,0.53,0.38,0.040000000000000015,0.15000000000000002,1.0,0.001
Moon,50,0.5,svm,5,0.53,0.38,0.040000000000000015,0.15000000000000002,1.0,0.005
Moon,50,0.5,svm,5,0.55,0.4,0.0632455532033676,0.15000000000000002,1.0,0.01
Moon,50,0.5,svm,5,0.725,0.7,0.14142135623730953,0.025000000000000022,1.0,0.1
Moon,50,0.5,svm,5,0.78,0.72,0.11661903789690603,0.06000000000000005,1.0,0.5
Moon,50,0.5,svm,5,0.8099999999999999,0.74,0.08000000000000003,0.06999999999999995,1.0,1.0
Moon,50,0.5,svm,5,0.8699999999999999,0.74,0.10198039027185572,0.1299999999999999,1.0,5.0
Moon,50,0.5,svm,5,0.915,0.6199999999999999,0.039999999999999994,0.29500000000000015,1.0,10.0
Moon,50,0.5,svm,5,1.0,0.48,0.132664991614216,0.52,1.0,100.0
Moon,50,0.5,svm,5,1.0,0.4,0.0,0.6,1.0,1000.0
Moon,100,0.0,svm,5,0.6425000000000001,0.57,0.19646882704388502,0.07250000000000012,1.0,0.001
Moon,100,0.0,svm,5,0.6425000000000001,0.57,0.19646882704388502,0.07250000000000012,1.0,0.005
Moon,100,0.0,svm,5,0.7175,0.72,0.09273618495495704,-0.0024999999999999467,1.0,0.01
Moon,100,0.0,svm,5,0.7699999999999999,0.78,0.09273618495495704,-0.01000000000000012,1.0,0.1
Moon,100,0.0,svm,5,0.9925,1.0,0.0,-0.007499999999999951,1.0,0.5
Moon,100,0.0,svm,5,1.0,1.0,0.0,0.0,1.0,1.0
Moon,100,0.0,svm,5,1.0,1.0,0.0,0.0,1.0,5.0
Moon,100,0.0,svm,5,1.0,1.0,0.0,0.0,1.0,10.0
Moon,100,0.0,svm,5,1.0,1.0,0.0,0.0,1.0,100.0
Moon,100,0.0,svm,5,1.0,0.8200000000000001,0.09273618495495704,0.17999999999999994,1.0,1000.0
Moon,100,0.1,svm,5,0.555,0.43000000000000005,0.12083045973594571,0.125,1.0,0.001
Moon,100,0.1,svm,5,0.655,0.5900000000000001,0.15937377450509227,0.06499999999999995,1.0,0.005
Moon,100,0.1,svm,5,0.8125,0.8099999999999999,0.08602325267042626,0.0025000000000000577,1.0,0.01
Moon,100,0.1,svm,5,0.8575000000000002,0.85,0.07745966692414837,0.007500000000000173,1.0,0.1
Moon,100,0.1,svm,5,0.95,0.95,0.04472135954999579,0.0,1.0,0.5
Moon,100,0.1,svm,5,1.0,1.0,0.0,0.0,1.0,1.0
Moon,100,0.1,svm,5,1.0,1.0,0.0,0.0,1.0,5.0
Moon,100,0.1,svm,5,1.0,1.0,0.0,0.0,1.0,10.0
Moon,100,0.1,svm,5,1.0,0.9800000000000001,0.024494897427831803,0.019999999999999907,1.0,100.0
Moon,100,0.1,svm,5,1.0,0.55,0.05477225575051661,0.44999999999999996,1.0,1000.0
Moon,100,0.2,svm,5,0.57,0.5700000000000001,0.06782329983125267,-1.1102230246251565e-16,1.0,0.001
Moon,100,0.2,svm,5,0.69,0.6599999999999999,0.11575836902790225,0.030000000000000027,1.0,0.005
Moon,100,0.2,svm,5,0.865,0.86,0.048989794855663536,0.0050000000000000044,1.0,0.01
Moon,100,0.2,svm,5,0.885,0.8699999999999999,0.05099019513592783,0.015000000000000124,1.0,0.1
Moon,100,0.2,svm,5,0.93,0.9400000000000001,0.037416573867739396,-0.010000000000000009,1.0,0.5
Moon,100,0.2,svm,5,0.9425000000000001,0.9400000000000001,0.037416573867739396,0.0025000000000000577,1.0,1.0
Moon,100,0.2,svm,5,0.9675,0.95,0.031622776601683784,0.01750000000000007,1.0,5.0
Moon,100,0.2,svm,5,0.9700000000000001,0.95,0.031622776601683784,0.02000000000000013,1.0,10.0
Moon,100,0.2,svm,5,0.9949999999999999,0.79,0.10198039027185571,0.20499999999999985,1.0,100.0
Moon,100,0.2,svm,5,1.0,0.58,0.07483314773547883,0.42000000000000004,1.0,1000.0
Moon,100,0.3,svm,5,0.5824999999999999,0.5900000000000001,0.18275666882497066,-0.007500000000000173,1.0,0.001
Moon,100,0.3,svm,5,0.8100000000000002,0.7899999999999998,0.09165151389911681,0.02000000000000035,1.0,0.005
Moon,100,0.3,svm,5,0.8324999999999999,0.8300000000000001,0.06782329983125267,0.0024999999999998357,1.0,0.01
Moon,100,0.3,svm,5,0.8949999999999999,0.8899999999999999,0.04898979485566355,0.0050000000000000044,1.0,0.1
Moon,100,0.3,svm,5,0.9549999999999998,0.9400000000000001,0.019999999999999973,0.014999999999999791,1.0,0.5
Moon,100,0.3,svm,5,0.97,0.95,0.04472135954999579,0.020000000000000018,1.0,1.0
Moon,100,0.3,svm,5,0.9799999999999999,0.96,0.03741657386773941,0.019999999999999907,1.0,5.0
Moon,100,0.3,svm,5,0.9799999999999999,0.95,0.05477225575051661,0.029999999999999916,1.0,10.0
Moon,100,0.3,svm,5,1.0,0.76,0.07999999999999999,0.24,1.0,100.0
Moon,100,0.3,svm,5,1.0,0.53,0.039999999999999994,0.47,1.0,1000.0
Moon,100,0.4,svm,5,0.55,0.55,0.09486832980505137,0.0,1.0,0.001
Moon,100,0.4,svm,5,0.5950000000000001,0.57,0.12884098726725127,0.025000000000000133,1.0,0.005
Moon,100,0.4,svm,5,0.75,0.74,0.09695359714832659,0.010000000000000009,1.0,0.01
Moon,100,0.4,svm,5,0.7775000000000001,0.77,0.07483314773547886,0.007500000000000062,1.0,0.1
Moon,100,0.4,svm,5,0.7925000000000001,0.7899999999999999,0.09695359714832658,0.0025000000000001688,1.0,0.5
Moon,100,0.4,svm,5,0.8150000000000001,0.8099999999999999,0.09695359714832658,0.0050000000000001155,1.0,1.0
Moon,100,0.4,svm,5,0.85,0.7200000000000001,0.10295630140987001,0.1299999999999999,1.0,5.0
Moon,100,0.4,svm,5,0.8924999999999998,0.6900000000000001,0.08000000000000003,0.2024999999999998,1.0,10.0
Moon,100,0.4,svm,5,0.9875,0.62,0.08717797887081347,0.36750000000000005,1.0,100.0
Moon,100,0.4,svm,5,1.0,0.6100000000000001,0.09695359714832658,0.3899999999999999,1.0,1000.0
Moon,100,0.5,svm,5,0.5900000000000001,0.5900000000000001,0.09695359714832658,0.0,1.0,0.001
Moon,100,0.5,svm,5,0.5900000000000001,0.5900000000000001,0.09695359714832658,0.0,1.0,0.005
Moon,100,0.5,svm,5,0.6825000000000001,0.69,0.128062484748657,-0.00749999999999984,1.0,0.01
Moon,100,0.5,svm,5,0.8025,0.7899999999999999,0.08602325267042626,0.012500000000000067,1.0,0.1
Moon,100,0.5,svm,5,0.825,0.8099999999999999,0.07348469228349537,0.015000000000000013,1.0,0.5
Moon,100,0.5,svm,5,0.835,0.79,0.09695359714832658,0.04499999999999993,1.0,1.0
Moon,100,0.5,svm,5,0.8724999999999999,0.75,0.07071067811865475,0.12249999999999994,1.0,5.0
Moon,100,0.5,svm,5,0.8825,0.7299999999999999,0.07483314773547885,0.15250000000000008,1.0,10.0
Moon,100,0.5,svm,5,0.975,0.5599999999999999,0.10198039027185568,0.41500000000000004,1.0,100.0
Moon,100,0.5,svm,5,1.0,0.5800000000000001,0.08124038404635958,0.41999999999999993,1.0,1000.0
Moon,1000,0.0,svm,5,0.8092500000000001,0.8089999999999999,0.014628738838327757,0.0002500000000001945,1.0,0.001
Moon,1000,0.0,svm,5,0.851,0.851,0.015620499351813323,0.0,1.0,0.005
Moon,1000,0.0,svm,5,0.861,0.861,0.015297058540778367,0.0,1.0,0.01
Moon,1000,0.0,svm,5,0.89875,0.8949999999999999,0.013038404810405309,0.003750000000000142,1.0,0.1
Moon,1000,0.0,svm,5,1.0,1.0,0.0,0.0,1.0,0.5
Moon,1000,0.0,svm,5,1.0,1.0,0.0,0.0,1.0,1.0
Moon,1000,0.0,svm,5,1.0,1.0,0.0,0.0,1.0,5.0
Moon,1000,0.0,svm,5,1.0,1.0,0.0,0.0,1.0,10.0
Moon,1000,0.0,svm,5,1.0,1.0,0.0,0.0,1.0,100.0
Moon,1000,0.0,svm,5,1.0,1.0,0.0,0.0,1.0,1000.0
Moon,1000,0.1,svm,5,0.8022500000000001,0.8,0.019493588689617893,0.0022500000000000853,1.0,0.001
Moon,1000,0.1,svm,5,0.83675,0.8360000000000001,0.01827566688249705,0.0007499999999999174,1.0,0.005
Moon,1000,0.1,svm,5,0.8465,0.8459999999999999,0.01933907960581373,0.000500000000000167,1.0,0.01
Moon,1000,0.1,svm,5,0.8945000000000001,0.8949999999999999,0.026076809620810618,-0.0004999999999998339,1.0,0.1
Moon,1000,0.1,svm,5,0.9960000000000001,0.9970000000000001,0.00244948974278318,-0.0010000000000000009,1.0,0.5
Moon,1000,0.1,svm,5,0.999,0.999,0.0020000000000000018,0.0,1.0,1.0
Moon,1000,0.1,svm,5,0.9995,1.0,0.0,-0.0004999999999999449,1.0,5.0
Moon,1000,0.1,svm,5,0.99975,1.0,0.0,-0.00024999999999997247,1.0,10.0
Moon,1000,0.1,svm,5,1.0,0.999,0.0020000000000000018,0.0010000000000000009,1.0,100.0
Moon,1000,0.1,svm,5,1.0,0.9550000000000001,0.019748417658131484,0.04499999999999993,1.0,1000.0
Moon,1000,0.2,svm,5,0.81075,0.8100000000000002,0.024083189157584565,0.0007499999999998064,1.0,0.001
Moon,1000,0.2,svm,5,0.857,0.857,0.021817424229271448,0.0,1.0,0.005
Moon,1000,0.2,svm,5,0.8612499999999998,0.8640000000000001,0.021307275752662537,-0.0027500000000002522,1.0,0.01
Moon,1000,0.2,svm,5,0.8885,0.8880000000000001,0.019390719429665335,0.0004999999999998339,1.0,0.1
Moon,1000,0.2,svm,5,0.9705,0.969,0.015620499351813323,0.0015000000000000568,1.0,0.5
Moon,1000,0.2,svm,5,0.978,0.978,0.010770329614269018,0.0,1.0,1.0
Moon,1000,0.2,svm,5,0.9834999999999999,0.975,0.007071067811865481,0.008499999999999952,1.0,5.0
Moon,1000,0.2,svm,5,0.98275,0.9730000000000001,0.008124038404635967,0.009749999999999925,1.0,10.0
Moon,1000,0.2,svm,5,0.9869999999999999,0.969,0.011575836902790236,0.017999999999999905,1.0,100.0
Moon,1000,0.2,svm,5,1.0,0.916,0.013564659966250548,0.08399999999999996,1.0,1000.0
Moon,1000,0.3,svm,5,0.8167500000000001,0.818,0.03501428280002318,-0.0012499999999998623,1.0,0.001
Moon,1000,0.3,svm,5,0.84325,0.8440000000000001,0.03215587038162705,-0.0007500000000000284,1.0,0.005
Moon,1000,0.3,svm,5,0.8535,0.853,0.030757112998459422,0.000500000000000056,1.0,0.01
Moon,1000,0.3,svm,5,0.8717500000000001,0.8699999999999999,0.033166247903554026,0.0017500000000002514,1.0,0.1
Moon,1000,0.3,svm,5,0.907,0.9019999999999999,0.026191601707417578,0.0050000000000001155,1.0,0.5
Moon,1000,0.3,svm,5,0.9092499999999999,0.906,0.025179356624028336,0.003249999999999864,1.0,1.0
Moon,1000,0.3,svm,5,0.91325,0.9109999999999999,0.02576819745345024,0.0022500000000000853,1.0,5.0
Moon,1000,0.3,svm,5,0.9185000000000001,0.907,0.0250199920063936,0.011500000000000066,1.0,10.0
Moon,1000,0.3,svm,5,0.943,0.8949999999999999,0.029325756597230388,0.04800000000000004,1.0,100.0
Moon,1000,0.3,svm,5,0.9949999999999999,0.746,0.05151698748956504,0.2489999999999999,1.0,1000.0
Moon,1000,0.4,svm,5,0.8167499999999999,0.817,0.019646882704388472,-0.0002500000000000835,1.0,0.001
Moon,1000,0.4,svm,5,0.8350000000000002,0.836,0.015620499351813323,-0.0009999999999997788,1.0,0.005
Moon,1000,0.4,svm,5,0.8402499999999999,0.8400000000000001,0.015165750888103116,0.00024999999999986144,1.0,0.01
Moon,1000,0.4,svm,5,0.84825,0.8469999999999999,0.020149441679609904,0.0012500000000000844,1.0,0.1
Moon,1000,0.4,svm,5,0.86975,0.8629999999999999,0.012489995996796807,0.006750000000000145,1.0,0.5
Moon,1000,0.4,svm,5,0.8695,0.8629999999999999,0.01029563014098701,0.006500000000000172,1.0,1.0
Moon,1000,0.4,svm,5,0.8745,0.867,0.009273618495495713,0.007500000000000062,1.0,5.0
Moon,1000,0.4,svm,5,0.8782500000000001,0.8640000000000001,0.01067707825203132,0.014249999999999985,1.0,10.0
Moon,1000,0.4,svm,5,0.9257500000000001,0.851,0.0058309518948453055,0.0747500000000001,1.0,100.0
Moon,1000,0.4,svm,5,0.99475,0.699,0.0115758369027902,0.29575000000000007,1.0,1000.0
Moon,1000,0.5,svm,5,0.8082500000000001,0.805,0.020248456731316568,0.003250000000000086,1.0,0.001
Moon,1000,0.5,svm,5,0.8135,0.8140000000000001,0.01984943324127918,-0.000500000000000056,1.0,0.005
Moon,1000,0.5,svm,5,0.8140000000000001,0.813,0.02014944167960986,0.001000000000000112,1.0,0.01
Moon,1000,0.5,svm,5,0.8315000000000001,0.8309999999999998,0.018275666882497037,0.000500000000000278,1.0,0.1
Moon,1000,0.5,svm,5,0.8455,0.844,0.009695359714832668,0.0015000000000000568,1.0,0.5
Moon,1000,0.5,svm,5,0.8494999999999999,0.8480000000000001,0.015033296378372921,0.0014999999999998348,1.0,1.0
Moon,1000,0.5,svm,5,0.8550000000000001,0.845,0.016431676725155,0.01000000000000012,1.0,5.0
Moon,1000,0.5,svm,5,0.8595,0.842,0.015684387141358135,0.01750000000000007,1.0,10.0
Moon,1000,0.5,svm,5,0.9109999999999999,0.784,0.014966629547095779,0.1269999999999999,1.0,100.0
Moon,1000,0.5,svm,5,0.99475,0.64,0.023021728866442697,0.35475,1.0,1000.0
Moon,10000,0.0,svm,5,0.85815,0.8581000000000001,0.0074525163535547065,4.999999999988347e-05,1.0,0.001
Moon,10000,0.0,svm,5,0.8751000000000001,0.8756,0.006763135367564346,-0.0004999999999999449,1.0,0.005
Moon,10000,0.0,svm,5,0.879575,0.8798,0.007039886362719183,-0.00022500000000003073,1.0,0.01
Moon,10000,0.0,svm,5,0.9999750000000001,0.9999,0.00019999999999997797,7.500000000004725e-05,1.0,0.1
Moon,10000,0.0,svm,5,1.0,1.0,0.0,0.0,1.0,0.5
Moon,10000,0.0,svm,5,1.0,1.0,0.0,0.0,1.0,1.0
Moon,10000,0.0,svm,5,1.0,1.0,0.0,0.0,1.0,5.0
Moon,10000,0.0,svm,5,1.0,1.0,0.0,0.0,1.0,10.0
Moon,10000,0.0,svm,5,1.0,1.0,0.0,0.0,1.0,100.0
Moon,10000,0.0,svm,5,1.0,1.0,0.0,0.0,1.0,1000.0
Moon,10000,0.1,svm,5,0.8583999999999999,0.8583000000000001,0.004342810150121683,9.999999999987796e-05,1.0,0.001
Moon,10000,0.1,svm,5,0.8744250000000001,0.8741,0.0043749285708454405,0.00032500000000013074,1.0,0.005
Moon,10000,0.1,svm,5,0.878125,0.8783000000000001,0.004945705207551264,-0.00017500000000003624,1.0,0.01
Moon,10000,0.1,svm,5,0.9672000000000001,0.9667999999999999,0.0038418745424596977,0.000400000000000178,1.0,0.1
Moon,10000,0.1,svm,5,0.99895,0.9989000000000001,0.0008000000000000007,4.999999999988347e-05,1.0,0.5
Moon,10000,0.1,svm,5,0.9994250000000001,0.9994,0.00037416573867740037,2.500000000016378e-05,1.0,1.0
Moon,10000,0.1,svm,5,0.9994249999999999,0.9995,0.0003162277660168382,-7.500000000015827e-05,1.0,5.0
Moon,10000,0.1,svm,5,0.9994,0.9993000000000001,0.0005099019513592702,9.999999999987796e-05,1.0,10.0
Moon,10000,0.1,svm,5,0.999725,0.9991999999999999,0.0005099019513592702,0.0005250000000001087,1.0,100.0
Moon,10000,0.1,svm,5,1.0,0.9977,0.0013638181696985902,0.0022999999999999687,1.0,1000.0
Moon,10000,0.2,svm,5,0.851525,0.8516000000000001,0.004140048308896917,-7.500000000015827e-05,1.0,0.001
Moon,10000,0.2,svm,5,0.865475,0.8652000000000001,0.004273172123844308,0.0002749999999999142,1.0,0.005
Moon,10000,0.2,svm,5,0.8675500000000002,0.8671000000000001,0.0037336309405189066,0.00045000000000006146,1.0,0.01
Moon,10000,0.2,svm,5,0.9247,0.9244,0.0005830951894845458,0.00029999999999996696,1.0,0.1
Moon,10000,0.2,svm,5,0.96885,0.9686999999999999,0.003155946767611913,0.0001500000000000945,1.0,0.5
Moon,10000,0.2,svm,5,0.97095,0.9706999999999999,0.0030265491900843167,0.0002500000000000835,1.0,1.0
Moon,10000,0.2,svm,5,0.970775,0.9702999999999999,0.0028390139133156983,0.0004750000000001142,1.0,5.0
Moon,10000,0.2,svm,5,0.97105,0.9702999999999999,0.002441311123146721,0.0007500000000000284,1.0,10.0
Moon,10000,0.2,svm,5,0.9747499999999999,0.9707000000000001,0.002976575213227466,0.004049999999999776,1.0,100.0
Moon,10000,0.2,svm,5,0.983,0.9661,0.0020832666655999847,0.016900000000000026,1.0,1000.0
Moon,10000,0.3,svm,5,0.8462,0.8459,0.011659331027121604,0.00029999999999996696,1.0,0.001
Moon,10000,0.3,svm,5,0.8550000000000001,0.8555999999999999,0.008929725639682348,-0.0005999999999998229,1.0,0.005
Moon,10000,0.3,svm,5,0.8561249999999999,0.8561,0.007996249120681542,2.4999999999941735e-05,1.0,0.01
Moon,10000,0.3,svm,5,0.889875,0.8904,0.006319810123729974,-0.0005249999999999977,1.0,0.1
Moon,10000,0.3,svm,5,0.9166000000000001,0.9161999999999999,0.003641428291206638,0.000400000000000178,1.0,0.5
Moon,10000,0.3,svm,5,0.916525,0.9163,0.0016309506430300133,0.00022500000000003073,1.0,1.0
Moon,10000,0.3,svm,5,0.9167,0.9156000000000001,0.0023108440016582814,0.0010999999999998789,1.0,5.0
Moon,10000,0.3,svm,5,0.91745,0.9160999999999999,0.001772004514666929,0.0013500000000000734,1.0,10.0
Moon,10000,0.3,svm,5,0.9201750000000001,0.9134,0.002887905815638736,0.0067750000000000865,1.0,100.0
Moon,10000,0.3,svm,5,0.9422499999999999,0.8977999999999999,0.0049759421218498814,0.04444999999999999,1.0,1000.0
Moon,10000,0.4,svm,5,0.8300750000000001,0.8305999999999999,0.004352011029397792,-0.0005249999999997756,1.0,0.001
Moon,10000,0.4,svm,5,0.8346500000000001,0.8349,0.002083266665599972,-0.00024999999999986144,1.0,0.005
Moon,10000,0.4,svm,5,0.834975,0.8347000000000001,0.002731300056749537,0.0002749999999999142,1.0,0.01
Moon,10000,0.4,svm,5,0.8558499999999999,0.8556000000000001,0.006077828559609084,0.0002499999999997504,1.0,0.1
Moon,10000,0.4,svm,5,0.8662750000000001,0.8647,0.0032649655434629056,0.001575000000000104,1.0,0.5
Moon,10000,0.4,svm,5,0.8665500000000002,0.8651,0.003760319135392637,0.0014500000000001734,1.0,1.0
Moon,10000,0.4,svm,5,0.8670250000000002,0.866,0.004098780306383851,0.0010250000000001647,1.0,5.0
Moon,10000,0.4,svm,5,0.867875,0.8653000000000001,0.004365775990588633,0.002574999999999883,1.0,10.0
Moon,10000,0.4,svm,5,0.8756,0.8613000000000002,0.0052782572881586755,0.014299999999999868,1.0,100.0
Moon,10000,0.4,svm,5,0.917,0.8385,0.004827007354458886,0.07850000000000001,1.0,1000.0
Moon,10000,0.5,svm,5,0.8078749999999999,0.8081999999999999,0.005732364259186576,-0.0003250000000000197,1.0,0.001
Moon,10000,0.5,svm,5,0.809975,0.8099999999999999,0.0065421708935184085,-2.4999999999941735e-05,1.0,0.005
Moon,10000,0.5,svm,5,0.8102750000000001,0.8106,0.007317103251970654,-0.0003249999999999087,1.0,0.01
Moon,10000,0.5,svm,5,0.8236749999999999,0.8230000000000001,0.005941380311005162,0.0006749999999998701,1.0,0.1
Moon,10000,0.5,svm,5,0.82865,0.8267,0.007658981655546636,0.0019500000000000073,1.0,0.5
Moon,10000,0.5,svm,5,0.829425,0.8286999999999999,0.008201219421525064,0.0007250000000000867,1.0,1.0
Moon,10000,0.5,svm,5,0.83195,0.8291999999999999,0.007061161377563914,0.00275000000000003,1.0,5.0
Moon,10000,0.5,svm,5,0.8332500000000002,0.8292999999999999,0.0060382116557802104,0.003950000000000231,1.0,10.0
Moon,10000,0.5,svm,5,0.8415000000000001,0.8219000000000001,0.00788289287000653,0.019600000000000062,1.0,100.0
Moon,10000,0.5,svm,5,0.90595,0.7804,0.006643794096749228,0.12555000000000005,1.0,1000.0
Moon,10,0.0,logistic,5,,,,,0.001,
Moon,10,0.0,logistic,5,,,,,0.01,
Moon,10,0.0,logistic,5,,,,,0.1,
Moon,10,0.0,logistic,5,,,,,1.0,
Moon,10,0.0,logistic,5,,,,,10.0,
Moon,10,0.0,logistic,5,,,,,100.0,
Moon,10,0.0,logistic,5,,,,,1000.0,
Moon,10,0.1,logistic,5,1.0,0.1,0.20000000000000004,0.9,0.001,
Moon,10,0.1,logistic,5,1.0,0.1,0.20000000000000004,0.9,0.01,
Moon,10,0.1,logistic,5,1.0,0.1,0.20000000000000004,0.9,0.1,
Moon,10,0.1,logistic,5,1.0,0.1,0.20000000000000004,0.9,1.0,
Moon,10,0.1,logistic,5,1.0,0.1,0.20000000000000004,0.9,10.0,
Moon,10,0.1,logistic,5,1.0,0.1,0.20000000000000004,0.9,100.0,
Moon,10,0.1,logistic,5,1.0,0.1,0.20000000000000004,0.9,1000.0,
Moon,10,0.2,logistic,5,1.0,0.5,0.4472135954999579,0.5,0.001,
Moon,10,0.2,logistic,5,1.0,0.5,0.4472135954999579,0.5,0.01,
Moon,10,0.2,logistic,5,1.0,0.5,0.4472135954999579,0.5,0.1,
Moon,10,0.2,logistic,5,1.0,0.5,0.4472135954999579,0.5,1.0,
Moon,10,0.2,logistic,5,1.0,0.5,0.4472135954999579,0.5,10.0,
Moon,10,0.2,logistic,5,1.0,0.5,0.4472135954999579,0.5,100.0,
Moon,10,0.2,logistic,5,1.0,0.5,0.4472135954999579,0.5,1000.0,
Moon,10,0.3,logistic,5,1.0,0.7,0.2449489742783178,0.30000000000000004,0.001,
Moon,10,0.3,logistic,5,1.0,0.7,0.2449489742783178,0.30000000000000004,0.01,
Moon,10,0.3,logistic,5,1.0,0.7,0.2449489742783178,0.30000000000000004,0.1,
Moon,10,0.3,logistic,5,1.0,0.7,0.2449489742783178,0.30000000000000004,1.0,
Moon,10,0.3,logistic,5,1.0,0.7,0.2449489742783178,0.30000000000000004,10.0,
Moon,10,0.3,logistic,5,1.0,0.7,0.2449489742783178,0.30000000000000004,100.0,
Moon,10,0.3,logistic,5,1.0,0.7,0.2449489742783178,0.30000000000000004,1000.0,
Moon,10,0.4,logistic,5,1.0,0.4,0.37416573867739417,0.6,0.001,
Moon,10,0.4,logistic,5,1.0,0.4,0.37416573867739417,0.6,0.01,
Moon,10,0.4,logistic,5,1.0,0.4,0.37416573867739417,0.6,0.1,
Moon,10,0.4,logistic,5,1.0,0.4,0.37416573867739417,0.6,1.0,
Moon,10,0.4,logistic,5,1.0,0.4,0.37416573867739417,0.6,10.0,
Moon,10,0.4,logistic,5,1.0,0.4,0.37416573867739417,0.6,100.0,
Moon,10,0.4,logistic,5,1.0,0.4,0.37416573867739417,0.6,1000.0,
Moon,10,0.5,logistic,5,1.0,0.5,0.31622776601683794,0.5,0.001,
Moon,10,0.5,logistic,5,1.0,0.5,0.31622776601683794,0.5,0.01,
Moon,10,0.5,logistic,5,1.0,0.5,0.31622776601683794,0.5,0.1,
Moon,10,0.5,logistic,5,1.0,0.5,0.31622776601683794,0.5,1.0,
Moon,10,0.5,logistic,5,1.0,0.5,0.31622776601683794,0.5,10.0,
Moon,10,0.5,logistic,5,1.0,0.5,0.31622776601683794,0.5,100.0,
Moon,10,0.5,logistic,5,1.0,0.5,0.31622776601683794,0.5,1000.0,
Moon,50,0.0,logistic,5,1.0,0.7000000000000001,0.14142135623730953,0.29999999999999993,0.001,
Moon,50,0.0,logistic,5,1.0,0.7000000000000001,0.14142135623730953,0.29999999999999993,0.01,
Moon,50,0.0,logistic,5,1.0,0.7000000000000001,0.14142135623730953,0.29999999999999993,0.1,
Moon,50,0.0,logistic,5,1.0,0.7000000000000001,0.14142135623730953,0.29999999999999993,1.0,
Moon,50,0.0,logistic,5,1.0,0.7000000000000001,0.14142135623730953,0.29999999999999993,10.0,
Moon,50,0.0,logistic,5,1.0,0.7000000000000001,0.14142135623730953,0.29999999999999993,100.0,
Moon,50,0.0,logistic,5,1.0,0.7000000000000001,0.14142135623730953,0.29999999999999993,1000.0,
Moon,50,0.1,logistic,5,1.0,0.5599999999999999,0.11999999999999997,0.44000000000000006,0.001,
Moon,50,0.1,logistic,5,1.0,0.5599999999999999,0.11999999999999997,0.44000000000000006,0.01,
Moon,50,0.1,logistic,5,1.0,0.5599999999999999,0.11999999999999997,0.44000000000000006,0.1,
Moon,50,0.1,logistic,5,1.0,0.5599999999999999,0.11999999999999997,0.44000000000000006,1.0,
Moon,50,0.1,logistic,5,1.0,0.5599999999999999,0.11999999999999997,0.44000000000000006,10.0,
Moon,50,0.1,logistic,5,1.0,0.5599999999999999,0.11999999999999997,0.44000000000000006,100.0,
Moon,50,0.1,logistic,5,1.0,0.5599999999999999,0.11999999999999997,0.44000000000000006,1000.0,
Moon,50,0.2,logistic,5,1.0,0.42000000000000004,0.07483314773547883,0.58,0.001,
Moon,50,0.2,logistic,5,1.0,0.42000000000000004,0.07483314773547883,0.58,0.01,
Moon,50,0.2,logistic,5,1.0,0.42000000000000004,0.07483314773547883,0.58,0.1,
Moon,50,0.2,logistic,5,1.0,0.42000000000000004,0.07483314773547883,0.58,1.0,
Moon,50,0.2,logistic,5,1.0,0.42000000000000004,0.07483314773547883,0.58,10.0,
Moon,50,0.2,logistic,5,1.0,0.42000000000000004,0.07483314773547883,0.58,100.0,
Moon,50,0.2,logistic,5,1.0,0.42000000000000004,0.07483314773547883,0.58,1000.0,
Moon,50,0.3,logistic,5,1.0,0.6399999999999999,0.10198039027185571,0.3600000000000001,0.001,
Moon,50,0.3,logistic,5,1.0,0.6399999999999999,0.10198039027185571,0.3600000000000001,0.01,
Moon,50,0.3,logistic,5,1.0,0.6399999999999999,0.10198039027185571,0.3600000000000001,0.1,
Moon,50,0.3,logistic,5,1.0,0.6399999999999999,0.10198039027185571,0.3600000000000001,1.0,
Moon,50,0.3,logistic,5,1.0,0.6399999999999999,0.10198039027185571,0.3600000000000001,10.0,
Moon,50,0.3,logistic,5,1.0,0.6399999999999999,0.10198039027185571,0.3600000000000001,100.0,
Moon,50,0.3,logistic,5,1.0,0.6399999999999999,0.10198039027185571,0.3600000000000001,1000.0,
Moon,50,0.4,logistic,5,1.0,0.42000000000000004,0.19390719429665312,0.58,0.001,
Moon,50,0.4,logistic,5,1.0,0.42000000000000004,0.19390719429665312,0.58,0.01,
Moon,50,0.4,logistic,5,1.0,0.42000000000000004,0.19390719429665312,0.58,0.1,
Moon,50,0.4,logistic,5,1.0,0.42000000000000004,0.19390719429665312,0.58,1.0,
Moon,50,0.4,logistic,5,1.0,0.42000000000000004,0.19390719429665312,0.58,10.0,
Moon,50,0.4,logistic,5,1.0,0.42000000000000004,0.19390719429665312,0.58,100.0,
Moon,50,0.4,logistic,5,1.0,0.42000000000000004,0.19390719429665312,0.58,1000.0,
Moon,50,0.5,logistic,5,1.0,0.56,0.04898979485566355,0.43999999999999995,0.001,
Moon,50,0.5,logistic,5,1.0,0.56,0.04898979485566355,0.43999999999999995,0.01,
Moon,50,0.5,logistic,5,1.0,0.56,0.04898979485566355,0.43999999999999995,0.1,
Moon,50,0.5,logistic,5,1.0,0.56,0.04898979485566355,0.43999999999999995,1.0,
Moon,50,0.5,logistic,5,1.0,0.56,0.04898979485566355,0.43999999999999995,10.0,
Moon,50,0.5,logistic,5,1.0,0.56,0.04898979485566355,0.43999999999999995,100.0,
Moon,50,0.5,logistic,5,1.0,0.56,0.04898979485566355,0.43999999999999995,1000.0,
Moon,100,0.0,logistic,5,1.0,0.85,0.08366600265340755,0.15000000000000002,0.001,
Moon,100,0.0,logistic,5,1.0,0.85,0.08366600265340755,0.15000000000000002,0.01,
Moon,100,0.0,logistic,5,1.0,0.85,0.08366600265340755,0.15000000000000002,0.1,
Moon,100,0.0,logistic,5,1.0,0.85,0.08366600265340755,0.15000000000000002,1.0,
Moon,100,0.0,logistic,5,1.0,0.85,0.08366600265340755,0.15000000000000002,10.0,
Moon,100,0.0,logistic,5,1.0,0.85,0.08366600265340755,0.15000000000000002,100.0,
Moon,100,0.0,logistic,5,1.0,0.85,0.08366600265340755,0.15000000000000002,1000.0,
Moon,100,0.1,logistic,5,1.0,0.64,0.09165151389911678,0.36,0.001,
Moon,100,0.1,logistic,5,1.0,0.64,0.09165151389911678,0.36,0.01,
Moon,100,0.1,logistic,5,1.0,0.64,0.09165151389911678,0.36,0.1,
Moon,100,0.1,logistic,5,1.0,0.64,0.09165151389911678,0.36,1.0,
Moon,100,0.1,logistic,5,1.0,0.64,0.09165151389911678,0.36,10.0,
Moon,100,0.1,logistic,5,1.0,0.64,0.09165151389911678,0.36,100.0,
Moon,100,0.1,logistic,5,1.0,0.64,0.09165151389911678,0.36,1000.0,
Moon,100,0.2,logistic,5,1.0,0.6200000000000001,0.15362291495737215,0.3799999999999999,0.001,
Moon,100,0.2,logistic,5,1.0,0.6200000000000001,0.15362291495737215,0.3799999999999999,0.01,
Moon,100,0.2,logistic,5,1.0,0.6200000000000001,0.15362291495737215,0.3799999999999999,0.1,
Moon,100,0.2,logistic,5,1.0,0.6200000000000001,0.15362291495737215,0.3799999999999999,1.0,
Moon,100,0.2,logistic,5,1.0,0.6200000000000001,0.15362291495737215,0.3799999999999999,10.0,
Moon,100,0.2,logistic,5,1.0,0.6200000000000001,0.15362291495737215,0.3799999999999999,100.0,
Moon,100,0.2,logistic,5,1.0,0.6200000000000001,0.15362291495737215,0.3799999999999999,1000.0,
Moon,100,0.3,logistic,5,1.0,0.5299999999999999,0.05099019513592784,0.4700000000000001,0.001,
Moon,100,0.3,logistic,5,1.0,0.5299999999999999,0.05099019513592784,0.4700000000000001,0.01,
Moon,100,0.3,logistic,5,1.0,0.5299999999999999,0.05099019513592784,0.4700000000000001,0.1,
Moon,100,0.3,logistic,5,1.0,0.5299999999999999,0.05099019513592784,0.4700000000000001,1.0,
Moon,100,0.3,logistic,5,1.0,0.5299999999999999,0.05099019513592784,0.4700000000000001,10.0,
Moon,100,0.3,logistic,5,1.0,0.5299999999999999,0.05099019513592784,0.4700000000000001,100.0,
Moon,100,0.3,logistic,5,1.0,0.5299999999999999,0.05099019513592784,0.4700000000000001,1000.0,
Moon,100,0.4,logistic,5,0.9949999999999999,0.53,0.0678232998312527,0.46499999999999986,0.001,
Moon,100,0.4,logistic,5,0.9949999999999999,0.53,0.0678232998312527,0.46499999999999986,0.01,
Moon,100,0.4,logistic,5,0.9949999999999999,0.53,0.0678232998312527,0.46499999999999986,0.1,
Moon,100,0.4,logistic,5,0.9949999999999999,0.53,0.0678232998312527,0.46499999999999986,1.0,
Moon,100,0.4,logistic,5,0.9949999999999999,0.53,0.0678232998312527,0.46499999999999986,10.0,
Moon,100,0.4,logistic,5,0.9949999999999999,0.53,0.0678232998312527,0.46499999999999986,100.0,
Moon,100,0.4,logistic,5,0.9949999999999999,0.53,0.0678232998312527,0.46499999999999986,1000.0,
Moon,100,0.5,logistic,5,1.0,0.6300000000000001,0.12083045973594571,0.3699999999999999,0.001,
Moon,100,0.5,logistic,5,1.0,0.6300000000000001,0.12083045973594571,0.3699999999999999,0.01,
Moon,100,0.5,logistic,5,1.0,0.6300000000000001,0.12083045973594571,0.3699999999999999,0.1,
Moon,100,0.5,logistic,5,1.0,0.6300000000000001,0.12083045973594571,0.3699999999999999,1.0,
Moon,100,0.5,logistic,5,1.0,0.6300000000000001,0.12083045973594571,0.3699999999999999,10.0,
Moon,100,0.5,logistic,5,1.0,0.6300000000000001,0.12083045973594571,0.3699999999999999,100.0,
Moon,100,0.5,logistic,5,1.0,0.6300000000000001,0.12083045973594571,0.3699999999999999,1000.0,
Moon,1000,0.0,logistic,5,1.0,1.0,0.0,0.0,0.001,
Moon,1000,0.0,logistic,5,1.0,1.0,0.0,0.0,0.01,
Moon,1000,0.0,logistic,5,1.0,1.0,0.0,0.0,0.1,
Moon,1000,0.0,logistic,5,1.0,1.0,0.0,0.0,1.0,
Moon,1000,0.0,logistic,5,1.0,1.0,0.0,0.0,10.0,
Moon,1000,0.0,logistic,5,1.0,1.0,0.0,0.0,100.0,
Moon,1000,0.0,logistic,5,1.0,1.0,0.0,0.0,1000.0,
Moon,1000,0.1,logistic,5,1.0,0.9650000000000001,0.01581138830084191,0.03499999999999992,0.001,
Moon,1000,0.1,logistic,5,1.0,0.9650000000000001,0.01581138830084191,0.03499999999999992,0.01,
Moon,1000,0.1,logistic,5,1.0,0.9650000000000001,0.01581138830084191,0.03499999999999992,0.1,
Moon,1000,0.1,logistic,5,1.0,0.9650000000000001,0.01581138830084191,0.03499999999999992,1.0,
Moon,1000,0.1,logistic,5,1.0,0.9650000000000001,0.01581138830084191,0.03499999999999992,10.0,
Moon,1000,0.1,logistic,5,1.0,0.9650000000000001,0.01581138830084191,0.03499999999999992,100.0,
Moon,1000,0.1,logistic,5,1.0,0.9650000000000001,0.01581138830084191,0.03499999999999992,1000.0,
Moon,1000,0.2,logistic,5,0.999,0.8620000000000001,0.037894590642992824,0.1369999999999999,0.001,
Moon,1000,0.2,logistic,5,0.999,0.8620000000000001,0.037894590642992824,0.1369999999999999,0.01,
Moon,1000,0.2,logistic,5,0.999,0.8620000000000001,0.037894590642992824,0.1369999999999999,0.1,
Moon,1000,0.2,logistic,5,0.999,0.8620000000000001,0.037894590642992824,0.1369999999999999,1.0,
Moon,1000,0.2,logistic,5,0.999,0.8620000000000001,0.037894590642992824,0.1369999999999999,10.0,
Moon,1000,0.2,logistic,5,0.999,0.8620000000000001,0.037894590642992824,0.1369999999999999,100.0,
Moon,1000,0.2,logistic,5,0.999,0.8620000000000001,0.037894590642992824,0.1369999999999999,1000.0,
Moon,1000,0.3,logistic,5,0.9932500000000001,0.715,0.02588435821108959,0.2782500000000001,0.001,
Moon,1000,0.3,logistic,5,0.9932500000000001,0.715,0.02588435821108959,0.2782500000000001,0.01,
Moon,1000,0.3,logistic,5,0.9932500000000001,0.715,0.02588435821108959,0.2782500000000001,0.1,
Moon,1000,0.3,logistic,5,0.9932500000000001,0.715,0.02588435821108959,0.2782500000000001,1.0,
Moon,1000,0.3,logistic,5,0.9932500000000001,0.715,0.02588435821108959,0.2782500000000001,10.0,
Moon,1000,0.3,logistic,5,0.9932500000000001,0.715,0.02588435821108959,0.2782500000000001,100.0,
Moon,1000,0.3,logistic,5,0.9932500000000001,0.715,0.02588435821108959,0.2782500000000001,1000.0,
Moon,1000,0.4,logistic,5,0.9945,0.712,0.047916594202843756,0.2825000000000001,0.001,
Moon,1000,0.4,logistic,5,0.9945,0.712,0.047916594202843756,0.2825000000000001,0.01,
Moon,1000,0.4,logistic,5,0.9945,0.712,0.047916594202843756,0.2825000000000001,0.1,
Moon,1000,0.4,logistic,5,0.9945,0.712,0.047916594202843756,0.2825000000000001,1.0,
Moon,1000,0.4,logistic,5,0.9945,0.712,0.047916594202843756,0.2825000000000001,10.0,
Moon,1000,0.4,logistic,5,0.9945,0.712,0.047916594202843756,0.2825000000000001,100.0,
Moon,1000,0.4,logistic,5,0.9945,0.712,0.047916594202843756,0.2825000000000001,1000.0,
Moon,1000,0.5,logistic,5,0.99,0.619,0.05257375771237967,0.371,0.001,
Moon,1000,0.5,logistic,5,0.99,0.619,0.05257375771237967,0.371,0.01,
Moon,1000,0.5,logistic,5,0.99,0.619,0.05257375771237967,0.371,0.1,
Moon,1000,0.5,logistic,5,0.99,0.619,0.05257375771237967,0.371,1.0,
Moon,1000,0.5,logistic,5,0.99,0.619,0.05257375771237967,0.371,10.0,
Moon,1000,0.5,logistic,5,0.99,0.619,0.05257375771237967,0.371,100.0,
Moon,1000,0.5,logistic,5,0.99,0.619,0.05257375771237967,0.371,1000.0,
Moon,10000,0.0,logistic,5,1.0,1.0,0.0,0.0,0.001,
Moon,10000,0.0,logistic,5,1.0,1.0,0.0,0.0,0.01,
Moon,10000,0.0,logistic,5,1.0,1.0,0.0,0.0,0.1,
Moon,10000,0.0,logistic,5,1.0,1.0,0.0,0.0,1.0,
Moon,10000,0.0,logistic,5,1.0,1.0,0.0,0.0,10.0,
Moon,10000,0.0,logistic,5,1.0,1.0,0.0,0.0,100.0,
Moon,10000,0.0,logistic,5,1.0,1.0,0.0,0.0,1000.0,
Moon,10000,0.1,logistic,5,1.0,0.9981,0.0005830951894845154,0.0019000000000000128,0.001,
Moon,10000,0.1,logistic,5,1.0,0.9981,0.0005830951894845154,0.0019000000000000128,0.01,
Moon,10000,0.1,logistic,5,1.0,0.9981,0.0005830951894845154,0.0019000000000000128,0.1,
Moon,10000,0.1,logistic,5,1.0,0.9981,0.0005830951894845154,0.0019000000000000128,1.0,
Moon,10000,0.1,logistic,5,1.0,0.9981,0.0005830951894845154,0.0019000000000000128,10.0,
Moon,10000,0.1,logistic,5,1.0,0.9981,0.0005830951894845154,0.0019000000000000128,100.0,
Moon,10000,0.1,logistic,5,1.0,0.9981,0.0005830951894845154,0.0019000000000000128,1000.0,
Moon,10000,0.2,logistic,5,0.982625,0.9658999999999999,0.002154065922853817,0.0167250000000001,0.001,
Moon,10000,0.2,logistic,5,0.982625,0.9658999999999999,0.002154065922853817,0.0167250000000001,0.01,
Moon,10000,0.2,logistic,5,0.982625,0.9658999999999999,0.002154065922853817,0.0167250000000001,0.1,
Moon,10000,0.2,logistic,5,0.982625,0.9658999999999999,0.002154065922853817,0.0167250000000001,1.0,
Moon,10000,0.2,logistic,5,0.982625,0.9658999999999999,0.002154065922853817,0.0167250000000001,10.0,
Moon,10000,0.2,logistic,5,0.982625,0.9658999999999999,0.002154065922853817,0.0167250000000001,100.0,
Moon,10000,0.2,logistic,5,0.982625,0.9658999999999999,0.002154065922853817,0.0167250000000001,1000.0,
Moon,10000,0.3,logistic,5,0.9426500000000001,0.8998999999999999,0.005435071296680492,0.04275000000000018,0.001,
Moon,10000,0.3,logistic,5,0.9426500000000001,0.8998999999999999,0.005435071296680492,0.04275000000000018,0.01,
Moon,10000,0.3,logistic,5,0.9426500000000001,0.8998999999999999,0.005435071296680492,0.04275000000000018,0.1,
Moon,10000,0.3,logistic,5,0.9426500000000001,0.8998999999999999,0.005435071296680492,0.04275000000000018,1.0,
Moon,10000,0.3,logistic,5,0.9426500000000001,0.8998999999999999,0.005435071296680492,0.04275000000000018,10.0,
Moon,10000,0.3,logistic,5,0.9426500000000001,0.8998999999999999,0.005435071296680492,0.04275000000000018,100.0,
Moon,10000,0.3,logistic,5,0.9426500000000001,0.8998999999999999,0.005435071296680492,0.04275000000000018,1000.0,
Moon,10000,0.4,logistic,5,0.9167,0.8365,0.004505552130427545,0.08019999999999994,0.001,
Moon,10000,0.4,logistic,5,0.9167,0.8365,0.004505552130427545,0.08019999999999994,0.01,
Moon,10000,0.4,logistic,5,0.9167,0.8365,0.004505552130427545,0.08019999999999994,0.1,
Moon,10000,0.4,logistic,5,0.9167,0.8365,0.004505552130427545,0.08019999999999994,1.0,
Moon,10000,0.4,logistic,5,0.9167,0.8365,0.004505552130427545,0.08019999999999994,10.0,
Moon,10000,0.4,logistic,5,0.9167,0.8365,0.004505552130427545,0.08019999999999994,100.0,
Moon,10000,0.4,logistic,5,0.9167,0.8365,0.004505552130427545,0.08019999999999994,1000.0,
Moon,10000,0.5,logistic,5,0.90595,0.7816,0.008656789243131674,0.12435000000000007,0.001,
Moon,10000,0.5,logistic,5,0.90595,0.7816,0.008656789243131674,0.12435000000000007,0.01,
Moon,10000,0.5,logistic,5,0.90595,0.7816,0.008656789243131674,0.12435000000000007,0.1,
Moon,10000,0.5,logistic,5,0.90595,0.7816,0.008656789243131674,0.12435000000000007,1.0,
Moon,10000,0.5,logistic,5,0.90595,0.7816,0.008656789243131674,0.12435000000000007,10.0,
Moon,10000,0.5,logistic,5,0.90595,0.7816,0.008656789243131674,0.12435000000000007,100.0,
Moon,10000,0.5,logistic,5,0.90595,0.7816,0.008656789243131674,0.12435000000000007,1000.0,
Circle,10,0.0,svm,5,0.8,0.4,0.37416573867739417,0.4,1.0,0.001
Circle,10,0.0,svm,5,0.8,0.4,0.37416573867739417,0.4,1.0,0.005
Circle,10,0.0,svm,5,0.8,0.4,0.37416573867739417,0.4,1.0,0.01
Circle,10,0.0,svm,5,0.8,0.4,0.37416573867739417,0.4,1.0,0.1
Circle,10,0.0,svm,5,0.875,0.4,0.37416573867739417,0.475,1.0,0.5
Circle,10,0.0,svm,5,0.925,0.5,0.4472135954999579,0.42500000000000004,1.0,1.0
Circle,10,0.0,svm,5,1.0,0.5,0.31622776601683794,0.5,1.0,5.0
Circle,10,0.0,svm,5,1.0,0.5,0.31622776601683794,0.5,1.0,10.0
Circle,10,0.0,svm,5,1.0,0.3,0.24494897427831783,0.7,1.0,100.0
Circle,10,0.0,svm,5,1.0,0.3,0.24494897427831783,0.7,1.0,1000.0
Circle,10,0.1,svm,5,0.7,0.7,0.2449489742783178,0.0,1.0,0.001
Circle,10,0.1,svm,5,0.7,0.7,0.2449489742783178,0.0,1.0,0.005
Circle,10,0.1,svm,5,0.7,0.7,0.2449489742783178,0.0,1.0,0.01
Circle,10,0.1,svm,5,0.7,0.7,0.2449489742783178,0.0,1.0,0.1
Circle,10,0.1,svm,5,0.7,0.7,0.2449489742783178,0.0,1.0,0.5
Circle,10,0.1,svm,5,0.7,0.7,0.2449489742783178,0.0,1.0,1.0
Circle,10,0.1,svm,5,0.825,0.6,0.2,0.22499999999999998,1.0,5.0
Circle,10,0.1,svm,5,0.85,0.6,0.2,0.25,1.0,10.0
Circle,10,0.1,svm,5,1.0,0.7,0.2449489742783178,0.30000000000000004,1.0,100.0
Circle,10,0.1,svm,5,1.0,0.7,0.2449489742783178,0.30000000000000004,1.0,1000.0
Circle,10,0.2,svm,5,0.7,0.7,0.2449489742783178,0.0,1.0,0.001
Circle,10,0.2,svm,5,0.7,0.7,0.2449489742783178,0.0,1.0,0.005
Circle,10,0.2,svm,5,0.7,0.7,0.2449489742783178,0.0,1.0,0.01
Circle,10,0.2,svm,5,0.7,0.7,0.2449489742783178,0.0,1.0,0.1
Circle,10,0.2,svm,5,0.825,0.6,0.2,0.22499999999999998,1.0,0.5
Circle,10,0.2,svm,5,0.925,0.6,0.2,0.32500000000000007,1.0,1.0
Circle,10,0.2,svm,5,0.95,0.6,0.2,0.35,1.0,5.0
Circle,10,0.2,svm,5,0.975,0.6,0.2,0.375,1.0,10.0
Circle,10,0.2,svm,5,1.0,0.7,0.2449489742783178,0.30000000000000004,1.0,100.0
Circle,10,0.2,svm,5,1.0,0.7,0.2449489742783178,0.30000000000000004,1.0,1000.0
Circle,10,0.3,svm,5,0.675,0.3,0.24494897427831783,0.37500000000000006,1.0,0.001
Circle,10,0.3,svm,5,0.675,0.3,0.24494897427831783,0.37500000000000006,1.0,0.005
Circle,10,0.3,svm,5,0.675,0.3,0.24494897427831783,0.37500000000000006,1.0,0.01
Circle,10,0.3,svm,5,0.675,0.3,0.24494897427831783,0.37500000000000006,1.0,0.1
Circle,10,0.3,svm,5,0.75,0.4,0.20000000000000004,0.35,1.0,0.5
Circle,10,0.3,svm,5,0.775,0.3,0.24494897427831783,0.47500000000000003,1.0,1.0
Circle,10,0.3,svm,5,0.95,0.7,0.4,0.25,1.0,5.0
Circle,10,0.3,svm,5,1.0,0.6,0.37416573867739417,0.4,1.0,10.0
Circle,10,0.3,svm,5,1.0,0.6,0.37416573867739417,0.4,1.0,100.0
Circle,10,0.3,svm,5,1.0,0.5,0.31622776601683794,0.5,1.0,1000.0
Circle,10,0.4,svm,5,0.625,0.4,0.2,0.22499999999999998,1.0,0.001
Circle,10,0.4,svm,5,0.625,0.4,0.2,0.22499999999999998,1.0,0.005
Circle,10,0.4,svm,5,0.625,0.4,0.2,0.22499999999999998,1.0,0.01
Circle,10,0.4,svm,5,0.625,0.4,0.2,0.22499999999999998,1.0,0.1
Circle,10,0.4,svm,5,0.75,0.3,0.24494897427831783,0.45,1.0,0.5
Circle,10,0.4,svm,5,0.825,0.4,0.37416573867739417,0.42499999999999993,1.0,1.0
Circle,10,0.4,svm,5,0.9,0.4,0.37416573867739417,0.5,1.0,5.0
Circle,10,0.4,svm,5,0.95,0.6,0.37416573867739417,0.35,1.0,10.0
Circle,10,0.4,svm,5,1.0,0.6,0.2,0.4,1.0,100.0
Circle,10,0.4,svm,5,1.0,0.6,0.2,0.4,1.0,1000.0
Circle,10,0.5,svm,5,0.7,0.7,0.2449489742783178,0.0,1.0,0.001
Circle,10,0.5,svm,5,0.7,0.7,0.2449489742783178,0.0,1.0,0.005
Circle,10,0.5,svm,5,0.7,0.7,0.2449489742783178,0.0,1.0,0.01
Circle,10,0.5,svm,5,0.75,0.6,0.20000000000000004,0.15000000000000002,1.0,0.1
Circle,10,0.5,svm,5,0.8,0.8,0.2449489742783178,0.0,1.0,0.5
Circle,10,0.5,svm,5,0.85,0.7,0.4,0.15000000000000002,1.0,1.0
Circle,10,0.5,svm,5,0.975,0.3,0.24494897427831783,0.675,1.0,5.0
Circle,10,0.5,svm,5,1.0,0.4,0.2,0.6,1.0,10.0
Circle,10,0.5,svm,5,1.0,0.4,0.2,0.6,1.0,100.0
Circle,10,0.5,svm,5,1.0,0.5,0.31622776601683794,0.5,1.0,1000.0
Circle,50,0.0,svm,5,0.7,0.7,0.16733200530681513,0.0,1.0,0.001
Circle,50,0.0,svm,5,0.7,0.7,0.16733200530681513,0.0,1.0,0.005
Circle,50,0.0,svm,5,0.7,0.7,0.16733200530681513,0.0,1.0,0.01
Circle,50,0.0,svm,5,0.7,0.7,0.16733200530681513,0.0,1.0,0.1
Circle,50,0.0,svm,5,0.7,0.7,0.16733200530681513,0.0,1.0,0.5
Circle,50,0.0,svm,5,0.7150000000000001,0.64,0.2576819745345025,0.07500000000000007,1.0,1.0
Circle,50,0.0,svm,5,0.835,0.62,0.17204650534085256,0.21499999999999997,1.0,5.0
Circle,50,0.0,svm,5,0.9,0.74,0.12000000000000002,0.16000000000000003,1.0,10.0
Circle,50,0.0,svm,5,1.0,0.74,0.14966629547095767,0.26,1.0,100.0
Circle,50,0.0,svm,5,1.0,0.74,0.14966629547095767,0.26,1.0,1000.0
Circle,50,0.1,svm,5,0.59,0.45999999999999996,0.13564659966250533,0.13,1.0,0.001
Circle,50,0.1,svm,5,0.59,0.45999999999999996,0.13564659966250533,0.13,1.0,0.005
Circle,50,0.1,svm,5,0.59,0.45999999999999996,0.13564659966250533,0.13,1.0,0.01
Circle,50,0.1,svm,5,0.59,0.45999999999999996,0.13564659966250533,0.13,1.0,0.1
Circle,50,0.1,svm,5,0.6399999999999999,0.43999999999999995,0.1019803902718557,0.19999999999999996,1.0,0.5
Circle,50,0.1,svm,5,0.69,0.42000000000000004,0.09797958971132713,0.2699999999999999,1.0,1.0
Circle,50,0.1,svm,5,0.7750000000000001,0.48,0.07483314773547882,0.29500000000000015,1.0,5.0
Circle,50,0.1,svm,5,0.845,0.54,0.10198039027185568,0.30499999999999994,1.0,10.0
Circle,50,0.1,svm,5,0.99,0.5599999999999999,0.10198039027185568,0.43000000000000005,1.0,100.0
Circle,50,0.1,svm,5,1.0,0.43999999999999995,0.14966629547095764,0.56,1.0,1000.0
Circle,50,0.2,svm,5,0.62,0.6199999999999999,0.09797958971132709,1.1102230246251565e-16,1.0,0.001
Circle,50,0.2,svm,5,0.62,0.6199999999999999,0.09797958971132709,1.1102230246251565e-16,1.0,0.005
Circle,50,0.2,svm,5,0.62,0.6199999999999999,0.09797958971132709,1.1102230246251565e-16,1.0,0.01
Circle,50,0.2,svm,5,0.62,0.6199999999999999,0.09797958971132709,1.1102230246251565e-16,1.0,0.1
Circle,50,0.2,svm,5,0.6849999999999999,0.52,0.09797958971132709,0.16499999999999992,1.0,0.5
Circle,50,0.2,svm,5,0.765,0.5599999999999999,0.07999999999999999,0.20500000000000007,1.0,1.0
Circle,50,0.2,svm,5,0.885,0.6399999999999999,0.07999999999999999,0.2450000000000001,1.0,5.0
Circle,50,0.2,svm,5,0.9199999999999999,0.74,0.12000000000000002,0.17999999999999994,1.0,10.0
Circle,50,0.2,svm,5,1.0,0.72,0.07483314773547886,0.28,1.0,100.0
Circle,50,0.2,svm,5,1.0,0.6199999999999999,0.09797958971132709,0.3800000000000001,1.0,1000.0
Circle,50,0.3,svm,5,0.6599999999999999,0.66,0.1356465996625054,-1.1102230246251565e-16,1.0,0.001
Circle,50,0.3,svm,5,0.6599999999999999,0.66,0.1356465996625054,-1.1102230246251565e-16,1.0,0.005
Circle,50,0.3,svm,5,0.6599999999999999,0.66,0.1356465996625054,-1.1102230246251565e-16,1.0,0.01
Circle,50,0.3,svm,5,0.6599999999999999,0.66,0.1356465996625054,-1.1102230246251565e-16,1.0,0.1
Circle,50,0.3,svm,5,0.6849999999999999,0.6200000000000001,0.09797958971132714,0.06499999999999984,1.0,0.5
Circle,50,0.3,svm,5,0.7699999999999999,0.6799999999999999,0.132664991614216,0.08999999999999997,1.0,1.0
Circle,50,0.3,svm,5,0.8699999999999999,0.6599999999999999,0.14966629547095767,0.20999999999999996,1.0,5.0
Circle,50,0.3,svm,5,0.8800000000000001,0.6,0.17888543819998318,0.28000000000000014,1.0,10.0
Circle,50,0.3,svm,5,0.9399999999999998,0.5800000000000001,0.13266499161421602,0.35999999999999976,1.0,100.0
Circle,50,0.3,svm,5,1.0,0.66,0.1356465996625054,0.33999999999999997,1.0,1000.0
Circle,50,0.4,svm,5,0.58,0.58,0.11661903789690599,0.0,1.0,0.001
Circle,50,0.4,svm,5,0.58,0.58,0.11661903789690599,0.0,1.0,0.005
Circle,50,0.4,svm,5,0.58,0.58,0.11661903789690599,0.0,1.0,0.01
Circle,50,0.4,svm,5,0.61,0.48,0.17204650534085253,0.13,1.0,0.1
Circle,50,0.4,svm,5,0.7,0.4999999999999999,0.1414213562373095,0.20000000000000007,1.0,0.5
Circle,50,0.4,svm,5,0.71,0.5199999999999999,0.132664991614216,0.19000000000000006,1.0,1.0
Circle,50,0.4,svm,5,0.805,0.5800000000000001,0.09797958971132711,0.22499999999999998,1.0,5.0
Circle,50,0.4,svm,5,0.86,0.56,0.04898979485566355,0.29999999999999993,1.0,10.0
Circle,50,0.4,svm,5,0.97,0.52,0.0748331477354788,0.44999999999999996,1.0,100.0
Circle,50,0.4,svm,5,1.0,0.54,0.07999999999999999,0.45999999999999996,1.0,1000.0
Circle,50,0.5,svm,5,0.555,0.5599999999999999,0.12000000000000002,-0.004999999999999893,1.0,0.001
Circle,50,0.5,svm,5,0.555,0.5599999999999999,0.12000000000000002,-0.004999999999999893,1.0,0.005
Circle,50,0.5,svm,5,0.555,0.5599999999999999,0.12000000000000002,-0.004999999999999893,1.0,0.01
Circle,50,0.5,svm,5,0.65,0.62,0.1469693845669907,0.030000000000000027,1.0,0.1
Circle,50,0.5,svm,5,0.6599999999999999,0.6599999999999999,0.13564659966250536,0.0,1.0,0.5
Circle,50,0.5,svm,5,0.6900000000000002,0.58,0.19390719429665315,0.11000000000000021,1.0,1.0
Circle,50,0.5,svm,5,0.805,0.5599999999999999,0.13564659966250536,0.2450000000000001,1.0,5.0
Circle,50,0.5,svm,5,0.8850000000000001,0.5399999999999999,0.13564659966250536,0.3450000000000002,1.0,10.0
Circle,50,0.5,svm,5,0.99,0.5,0.12649110640673517,0.49,1.0,100.0
Circle,50,0.5,svm,5,1.0,0.5,0.0,0.5,1.0,1000.0
Circle,100,0.0,svm,5,0.58,0.5800000000000001,0.07483314773547883,-1.1102230246251565e-16,1.0,0.001
Circle,100,0.0,svm,5,0.58,0.5800000000000001,0.07483314773547883,-1.1102230246251565e-16,1.0,0.005
Circle,100,0.0,svm,5,0.58,0.5800000000000001,0.07483314773547883,-1.1102230246251565e-16,1.0,0.01
Circle,100,0.0,svm,5,0.58,0.5800000000000001,0.07483314773547883,-1.1102230246251565e-16,1.0,0.1
Circle,100,0.0,svm,5,0.625,0.6,0.08944271909999157,0.025000000000000022,1.0,0.5
Circle,100,0.0,svm,5,0.99,0.99,0.020000000000000018,0.0,1.0,1.0
Circle,100,0.0,svm,5,1.0,0.9800000000000001,0.03999999999999999,0.019999999999999907,1.0,5.0
Circle,100,0.0,svm,5,1.0,0.97,0.039999999999999994,0.030000000000000027,1.0,10.0
Circle,100,0.0,svm,5,1.0,0.9400000000000001,0.04898979485566354,0.05999999999999994,1.0,100.0
Circle,100,0.0,svm,5,1.0,0.73,0.06000000000000002,0.27,1.0,1000.0
Circle,100,0.1,svm,5,0.5599999999999999,0.5599999999999999,0.10198039027185568,0.0,1.0,0.001
Circle,100,0.1,svm,5,0.5599999999999999,0.5599999999999999,0.10198039027185568,0.0,1.0,0.005
Circle,100,0.1,svm,5,0.5599999999999999,0.5599999999999999,0.10198039027185568,0.0,1.0,0.01
Circle,100,0.1,svm,5,0.5599999999999999,0.5599999999999999,0.10198039027185568,0.0,1.0,0.1
Circle,100,0.1,svm,5,0.7550000000000001,0.7,0.130384048104053,0.05500000000000016,1.0,0.5
Circle,100,0.1,svm,5,0.8275,0.75,0.05477225575051661,0.07750000000000001,1.0,1.0
Circle,100,0.1,svm,5,0.8625,0.76,0.04898979485566356,0.10250000000000004,1.0,5.0
Circle,100,0.1,svm,5,0.8875,0.7699999999999999,0.024494897427831803,0.11750000000000005,1.0,10.0
Circle,100,0.1,svm,5,0.97,0.67,0.05099019513592784,0.29999999999999993,1.0,100.0
Circle,100,0.1,svm,5,0.9924999999999999,0.58,0.09273618495495704,0.4125,1.0,1000.0
Circle,100,0.2,svm,5,0.5900000000000001,0.5900000000000001,0.11575836902790225,0.0,1.0,0.001
Circle,100,0.2,svm,5,0.5900000000000001,0.5900000000000001,0.11575836902790225,0.0,1.0,0.005
Circle,100,0.2,svm,5,0.5900000000000001,0.5900000000000001,0.11575836902790225,0.0,1.0,0.01
Circle,100,0.2,svm,5,0.6224999999999999,0.5,0.07071067811865475,0.12249999999999994,1.0,0.1
Circle,100,0.2,svm,5,0.675,0.5599999999999999,0.12409673645990853,0.1150000000000001,1.0,0.5
Circle,100,0.2,svm,5,0.7350000000000001,0.6200000000000001,0.06782329983125264,0.11499999999999999,1.0,1.0
Circle,100,0.2,svm,5,0.8150000000000001,0.65,0.11401754250991379,0.16500000000000004,1.0,5.0
Circle,100,0.2,svm,5,0.8549999999999999,0.6699999999999999,0.08717797887081347,0.18499999999999994,1.0,10.0
Circle,100,0.2,svm,5,0.9424999999999999,0.5800000000000001,0.05099019513592784,0.3624999999999998,1.0,100.0
Circle,100,0.2,svm,5,0.9775,0.57,0.13266499161421602,0.4075000000000001,1.0,1000.0
Circle,100,0.3,svm,5,0.58,0.58,0.11661903789690597,0.0,1.0,0.001
Circle,100,0.3,svm,5,0.58,0.58,0.11661903789690597,0.0,1.0,0.005
Circle,100,0.3,svm,5,0.58,0.58,0.11661903789690597,0.0,1.0,0.01
Circle,100,0.3,svm,5,0.58,0.58,0.11661903789690597,0.0,1.0,0.1
Circle,100,0.3,svm,5,0.665,0.55,0.09486832980505137,0.11499999999999999,1.0,0.5
Circle,100,0.3,svm,5,0.7,0.6000000000000001,0.07071067811865474,0.09999999999999987,1.0,1.0
Circle,100,0.3,svm,5,0.7575,0.5900000000000001,0.05830951894845301,0.16749999999999987,1.0,5.0
Circle,100,0.3,svm,5,0.8149999999999998,0.54,0.07348469228349534,0.2749999999999998,1.0,10.0
Circle,100,0.3,svm,5,0.9625,0.56,0.1319090595827292,0.40249999999999997,1.0,100.0
Circle,100,0.3,svm,5,1.0,0.58,0.11661903789690597,0.42000000000000004,1.0,1000.0
Circle,100,0.4,svm,5,0.59,0.59,0.10198039027185568,0.0,1.0,0.001
Circle,100,0.4,svm,5,0.59,0.59,0.10198039027185568,0.0,1.0,0.005
Circle,100,0.4,svm,5,0.59,0.59,0.10198039027185568,0.0,1.0,0.01
Circle,100,0.4,svm,5,0.59,0.59,0.10198039027185568,0.0,1.0,0.1
Circle,100,0.4,svm,5,0.63,0.51,0.09695359714832658,0.12,1.0,0.5
Circle,100,0.4,svm,5,0.6649999999999999,0.53,0.08717797887081348,0.1349999999999999,1.0,1.0
Circle,100,0.4,svm,5,0.7150000000000001,0.52,0.09273618495495704,0.19500000000000006,1.0,5.0
Circle,100,0.4,svm,5,0.7625,0.5,0.08366600265340757,0.26249999999999996,1.0,10.0
Circle,100,0.4,svm,5,0.9525,0.4699999999999999,0.0678232998312527,0.4825000000000001,1.0,100.0
Circle,100,0.4,svm,5,1.0,0.5599999999999999,0.08602325267042626,0.44000000000000006,1.0,1000.0
Circle,100,0.5,svm,5,0.5199999999999999,0.43,0.039999999999999994,0.08999999999999991,1.0,0.001
Circle,100,0.5,svm,5,0.5199999999999999,0.43,0.039999999999999994,0.08999999999999991,1.0,0.005
Circle,100,0.5,svm,5,0.5199999999999999,0.43,0.039999999999999994,0.08999999999999991,1.0,0.01
Circle,100,0.5,svm,5,0.6174999999999999,0.53,0.07483314773547882,0.08749999999999991,1.0,0.1
Circle,100,0.5,svm,5,0.705,0.6,0.13784048752090222,0.10499999999999998,1.0,0.5
Circle,100,0.5,svm,5,0.71,0.59,0.15297058540778355,0.12,1.0,1.0
Circle,100,0.5,svm,5,0.8,0.6,0.151657508881031,0.20000000000000007,1.0,5.0
Circle,100,0.5,svm,5,0.85,0.5599999999999999,0.16852299546352717,0.29000000000000004,1.0,10.0
Circle,100,0.5,svm,5,0.9824999999999999,0.5599999999999999,0.08602325267042624,0.4225,1.0,100.0
Circle,100,0.5,svm,5,1.0,0.42000000000000004,0.024494897427831775,0.58,1.0,1000.0
Circle,1000,0.0,svm,5,0.5075000000000001,0.488,0.022934689882359433,0.019500000000000073,1.0,0.001
Circle,1000,0.0,svm,5,0.5075000000000001,0.488,0.022934689882359433,0.019500000000000073,1.0,0.005
Circle,1000,0.0,svm,5,0.5255,0.507,0.04377213725647858,0.01849999999999996,1.0,0.01
Circle,1000,0.0,svm,5,0.6950000000000001,0.6899999999999998,0.017606816861658974,0.0050000000000002265,1.0,0.1
Circle,1000,0.0,svm,5,1.0,1.0,0.0,0.0,1.0,0.5
Circle,1000,0.0,svm,5,1.0,1.0,0.0,0.0,1.0,1.0
Circle,1000,0.0,svm,5,1.0,1.0,0.0,0.0,1.0,5.0
Circle,1000,0.0,svm,5,1.0,1.0,0.0,0.0,1.0,10.0
Circle,1000,0.0,svm,5,1.0,1.0,0.0,0.0,1.0,100.0
Circle,1000,0.0,svm,5,1.0,1.0,0.0,0.0,1.0,1000.0
Circle,1000,0.1,svm,5,0.5125000000000001,0.45099999999999996,0.012409673645990868,0.06150000000000011,1.0,0.001
Circle,1000,0.1,svm,5,0.5125000000000001,0.45099999999999996,0.012409673645990868,0.06150000000000011,1.0,0.005
Circle,1000,0.1,svm,5,0.5125000000000001,0.45099999999999996,0.012409673645990868,0.06150000000000011,1.0,0.01
Circle,1000,0.1,svm,5,0.80175,0.782,0.025219040425836975,0.019749999999999934,1.0,0.1
Circle,1000,0.1,svm,5,0.8397500000000001,0.841,0.01067707825203132,-0.0012499999999998623,1.0,0.5
Circle,1000,0.1,svm,5,0.8385,0.841,0.01067707825203132,-0.0024999999999999467,1.0,1.0
Circle,1000,0.1,svm,5,0.8495000000000001,0.842,0.02088061301782112,0.007500000000000173,1.0,5.0
Circle,1000,0.1,svm,5,0.853,0.842,0.017204650534085267,0.01100000000000001,1.0,10.0
Circle,1000,0.1,svm,5,0.8785000000000001,0.834,0.01743559577416271,0.044500000000000095,1.0,100.0
Circle,1000,0.1,svm,5,0.9664999999999999,0.7369999999999999,0.029257477676655614,0.22950000000000004,1.0,1000.0
Circle,1000,0.2,svm,5,0.5210000000000001,0.5209999999999999,0.02956349099818896,2.220446049250313e-16,1.0,0.001
Circle,1000,0.2,svm,5,0.5210000000000001,0.5209999999999999,0.02956349099818896,2.220446049250313e-16,1.0,0.005
Circle,1000,0.2,svm,5,0.5210000000000001,0.5209999999999999,0.02956349099818896,2.220446049250313e-16,1.0,0.01
Circle,1000,0.2,svm,5,0.67425,0.666,0.02537715508089903,0.00824999999999998,1.0,0.1
Circle,1000,0.2,svm,5,0.682,0.6719999999999999,0.026191601707417564,0.01000000000000012,1.0,0.5
Circle,1000,0.2,svm,5,0.68575,0.671,0.022226110770892853,0.01474999999999993,1.0,1.0
Circle,1000,0.2,svm,5,0.69875,0.6839999999999999,0.03246536616149584,0.01475000000000004,1.0,5.0
Circle,1000,0.2,svm,5,0.7057499999999999,0.668,0.024207436873820397,0.03774999999999984,1.0,10.0
Circle,1000,0.2,svm,5,0.7965,0.629,0.024779023386727755,0.16749999999999998,1.0,100.0
Circle,1000,0.2,svm,5,0.96875,0.565,0.02810693864511038,0.40375000000000005,1.0,1000.0
Circle,1000,0.3,svm,5,0.5185,0.48,0.04878524367060188,0.03849999999999998,1.0,0.001
Circle,1000,0.3,svm,5,0.5185,0.48,0.04878524367060188,0.03849999999999998,1.0,0.005
Circle,1000,0.3,svm,5,0.5185,0.48,0.04878524367060188,0.03849999999999998,1.0,0.01
Circle,1000,0.3,svm,5,0.6315,0.6319999999999999,0.024617067250182364,-0.0004999999999999449,1.0,0.1
Circle,1000,0.3,svm,5,0.641,0.631,0.01067707825203132,0.010000000000000009,1.0,0.5
Circle,1000,0.3,svm,5,0.6445000000000001,0.622,0.020149441679609904,0.022500000000000075,1.0,1.0
Circle,1000,0.3,svm,5,0.656,0.6199999999999999,0.010488088481701525,0.03600000000000014,1.0,5.0
Circle,1000,0.3,svm,5,0.6794999999999999,0.6039999999999999,0.011575836902790236,0.07550000000000001,1.0,10.0
Circle,1000,0.3,svm,5,0.81325,0.584,0.009695359714832668,0.22925000000000006,1.0,100.0
Circle,1000,0.3,svm,5,0.9804999999999999,0.549,0.028705400188814623,0.4314999999999999,1.0,1000.0
Circle,1000,0.4,svm,5,0.543,0.5429999999999999,0.03627671429443409,1.1102230246251565e-16,1.0,0.001
Circle,1000,0.4,svm,5,0.543,0.5429999999999999,0.03627671429443409,1.1102230246251565e-16,1.0,0.005
Circle,1000,0.4,svm,5,0.543,0.5429999999999999,0.03627671429443409,1.1102230246251565e-16,1.0,0.01
Circle,1000,0.4,svm,5,0.5972500000000001,0.583,0.03722902093797256,0.014250000000000096,1.0,0.1
Circle,1000,0.4,svm,5,0.61575,0.584,0.026153393661244022,0.031750000000000056,1.0,0.5
Circle,1000,0.4,svm,5,0.62975,0.59,0.019493588689617904,0.03975000000000006,1.0,1.0
Circle,1000,0.4,svm,5,0.66375,0.5980000000000001,0.026944387170614946,0.06574999999999986,1.0,5.0
Circle,1000,0.4,svm,5,0.681,0.592,0.023579652245103177,0.08900000000000008,1.0,10.0
Circle,1000,0.4,svm,5,0.8387499999999999,0.563,0.018867962264113174,0.27574999999999994,1.0,100.0
Circle,1000,0.4,svm,5,0.99275,0.5469999999999999,0.029257477676655583,0.4457500000000001,1.0,1000.0
Circle,1000,0.5,svm,5,0.5115000000000001,0.48100000000000004,0.044654227123532224,0.030500000000000027,1.0,0.001
Circle,1000,0.5,svm,5,0.5115000000000001,0.484,0.0415210789840534,0.02750000000000008,1.0,0.005
Circle,1000,0.5,svm,5,0.52925,0.49800000000000005,0.0437721372564786,0.031249999999999944,1.0,0.01
Circle,1000,0.5,svm,5,0.56725,0.5589999999999999,0.04726520919238589,0.00825000000000009,1.0,0.1
Circle,1000,0.5,svm,5,0.59175,0.557,0.038288379438153275,0.03474999999999995,1.0,0.5
Circle,1000,0.5,svm,5,0.6012500000000001,0.554,0.02799999999999999,0.047250000000000014,1.0,1.0
Circle,1000,0.5,svm,5,0.65025,0.547,0.026381811916545816,0.10324999999999995,1.0,5.0
Circle,1000,0.5,svm,5,0.6732500000000001,0.5549999999999999,0.012247448713915856,0.11825000000000019,1.0,10.0
Circle,1000,0.5,svm,5,0.83775,0.51,0.031144823004794882,0.32775,1.0,100.0
Circle,1000,0.5,svm,5,0.98675,0.462,0.01661324772583615,0.52475,1.0,1000.0
Circle,10000,0.0,svm,5,0.5023,0.49079999999999996,0.007453858061433696,0.01150000000000001,1.0,0.001
Circle,10000,0.0,svm,5,0.5023,0.49079999999999996,0.007453858061433696,0.01150000000000001,1.0,0.005
Circle,10000,0.0,svm,5,0.5023,0.49079999999999996,0.007453858061433696,0.01150000000000001,1.0,0.01
Circle,10000,0.0,svm,5,1.0,1.0,0.0,0.0,1.0,0.1
Circle,10000,0.0,svm,5,1.0,1.0,0.0,0.0,1.0,0.5
Circle,10000,0.0,svm,5,1.0,1.0,0.0,0.0,1.0,1.0
Circle,10000,0.0,svm,5,1.0,1.0,0.0,0.0,1.0,5.0
Circle,10000,0.0,svm,5,1.0,1.0,0.0,0.0,1.0,10.0
Circle,10000,0.0,svm,5,1.0,1.0,0.0,0.0,1.0,100.0
Circle,10000,0.0,svm,5,1.0,1.0,0.0,0.0,1.0,1000.0
Circle,10000,0.1,svm,5,0.5037749999999999,0.4899,0.002177154105707726,0.01387499999999986,1.0,0.001
Circle,10000,0.1,svm,5,0.5071249999999999,0.4948,0.00933059483634351,0.01232499999999992,1.0,0.005
Circle,10000,0.1,svm,5,0.5196500000000001,0.5092,0.018956792977716453,0.01045000000000007,1.0,0.01
Circle,10000,0.1,svm,5,0.842325,0.8417,0.006079473661428253,0.0006249999999999867,1.0,0.1
Circle,10000,0.1,svm,5,0.8431,0.8413,0.0062417946137309,0.0017999999999999128,1.0,0.5
Circle,10000,0.1,svm,5,0.843,0.8417,0.007075309180523491,0.0012999999999999678,1.0,1.0
Circle,10000,0.1,svm,5,0.842375,0.8392,0.006794115100585221,0.003175000000000039,1.0,5.0
Circle,10000,0.1,svm,5,0.8427499999999999,0.8379,0.006429618962271385,0.00484999999999991,1.0,10.0
Circle,10000,0.1,svm,5,0.846725,0.8375999999999999,0.0061514225996918675,0.00912500000000005,1.0,100.0
Circle,10000,0.1,svm,5,0.8708750000000001,0.8245999999999999,0.0071651936470691424,0.04627500000000018,1.0,1000.0
Circle,10000,0.2,svm,5,0.5016499999999999,0.49339999999999995,0.005053711507397316,0.00824999999999998,1.0,0.001
Circle,10000,0.2,svm,5,0.5065000000000001,0.4949,0.007165193647069131,0.011600000000000055,1.0,0.005
Circle,10000,0.2,svm,5,0.5197750000000001,0.5077,0.019257725722421116,0.012075000000000058,1.0,0.01
Circle,10000,0.2,svm,5,0.6922499999999999,0.6914999999999999,0.005665686189686109,0.0007500000000000284,1.0,0.1
Circle,10000,0.2,svm,5,0.691475,0.6891,0.011253443917308129,0.002374999999999905,1.0,0.5
Circle,10000,0.2,svm,5,0.6921,0.6899,0.009112628599915622,0.0022000000000000908,1.0,1.0
Circle,10000,0.2,svm,5,0.694125,0.6917000000000001,0.009780593029055039,0.0024249999999998995,1.0,5.0
Circle,10000,0.2,svm,5,0.69535,0.6918999999999998,0.008546344247688582,0.003450000000000175,1.0,10.0
Circle,10000,0.2,svm,5,0.705875,0.6829000000000001,0.008979977728257439,0.022974999999999968,1.0,100.0
Circle,10000,0.2,svm,5,0.7994749999999999,0.6415,0.006074537019394963,0.15797499999999998,1.0,1000.0
Circle,10000,0.3,svm,5,0.50105,0.4958,0.0035156791662493926,0.005249999999999977,1.0,0.001
Circle,10000,0.3,svm,5,0.50105,0.4958,0.0035156791662493926,0.005249999999999977,1.0,0.005
Circle,10000,0.3,svm,5,0.55755,0.5525,0.034919908361849966,0.005049999999999999,1.0,0.01
Circle,10000,0.3,svm,5,0.62675,0.6264999999999998,0.003646916505762097,0.0002500000000001945,1.0,0.1
Circle,10000,0.3,svm,5,0.629775,0.6277,0.006313477647065826,0.002074999999999938,1.0,0.5
Circle,10000,0.3,svm,5,0.632325,0.6279,0.004768647607026542,0.004425000000000012,1.0,1.0
Circle,10000,0.3,svm,5,0.6343000000000001,0.6285,0.004381780460041303,0.005800000000000138,1.0,5.0
Circle,10000,0.3,svm,5,0.6369499999999999,0.6265,0.005215361924162085,0.01044999999999996,1.0,10.0
Circle,10000,0.3,svm,5,0.665775,0.6099,0.0021307275752662524,0.05587500000000001,1.0,100.0
Circle,10000,0.3,svm,5,0.8091999999999999,0.5593,0.009682974749528136,0.2498999999999999,1.0,1000.0
Circle,10000,0.4,svm,5,0.5028,0.4888,0.0044564559910314425,0.014000000000000012,1.0,0.001
Circle,10000,0.4,svm,5,0.5028,0.4889,0.004498888751680801,0.013900000000000023,1.0,0.005
Circle,10000,0.4,svm,5,0.5452,0.532,0.034019112275307836,0.01319999999999999,1.0,0.01
Circle,10000,0.4,svm,5,0.6011,0.5997,0.01204408568551386,0.0013999999999999568,1.0,0.1
Circle,10000,0.4,svm,5,0.6015,0.6001,0.018172506706560888,0.0014000000000000679,1.0,0.5
Circle,10000,0.4,svm,5,0.6045999999999999,0.6047,0.009058697478114613,-0.00010000000000010001,1.0,1.0
Circle,10000,0.4,svm,5,0.6077,0.6026999999999999,0.010604715932074748,0.0050000000000001155,1.0,5.0
Circle,10000,0.4,svm,5,0.6104499999999999,0.6007,0.012726350615946439,0.009749999999999925,1.0,10.0
Circle,10000,0.4,svm,5,0.6650499999999999,0.5812,0.004905099387372276,0.08384999999999987,1.0,100.0
Circle,10000,0.4,svm,5,0.832425,0.5463,0.0061040969848127425,0.28612499999999996,1.0,1000.0
Circle,10000,0.5,svm,5,0.5012000000000001,0.4952,0.0018055470085267804,0.006000000000000116,1.0,0.001
Circle,10000,0.5,svm,5,0.50815,0.49729999999999996,0.004696807426326936,0.010850000000000026,1.0,0.005
Circle,10000,0.5,svm,5,0.532625,0.5297,0.018478636313321382,0.0029250000000000664,1.0,0.01
Circle,10000,0.5,svm,5,0.566875,0.5622,0.001989974874213226,0.004674999999999985,1.0,0.1
Circle,10000,0.5,svm,5,0.566275,0.5589000000000001,0.004317406628984568,0.007374999999999909,1.0,0.5
Circle,10000,0.5,svm,5,0.569525,0.5629000000000001,0.00810802072024978,0.006624999999999881,1.0,1.0
Circle,10000,0.5,svm,5,0.576325,0.5647,0.006712674578735336,0.011624999999999996,1.0,5.0
Circle,10000,0.5,svm,5,0.5823,0.5599999999999999,0.006700746227100358,0.022300000000000098,1.0,10.0
Circle,10000,0.5,svm,5,0.65885,0.5374,0.008822698000045117,0.12145000000000006,1.0,100.0
Circle,10000,0.5,svm,5,0.8495750000000001,0.5260999999999999,0.007793587107359511,0.3234750000000002,1.0,1000.0
Circle,10,0.0,logistic,5,1.0,0.8,0.2449489742783178,0.19999999999999996,0.001,
Circle,10,0.0,logistic,5,1.0,0.8,0.2449489742783178,0.19999999999999996,0.01,
Circle,10,0.0,logistic,5,1.0,0.8,0.2449489742783178,0.19999999999999996,0.1,
Circle,10,0.0,logistic,5,1.0,0.8,0.2449489742783178,0.19999999999999996,1.0,
Circle,10,0.0,logistic,5,1.0,0.8,0.2449489742783178,0.19999999999999996,10.0,
Circle,10,0.0,logistic,5,1.0,0.8,0.2449489742783178,0.19999999999999996,100.0,
Circle,10,0.0,logistic,5,1.0,0.8,0.2449489742783178,0.19999999999999996,1000.0,
Circle,10,0.1,logistic,5,1.0,0.3,0.24494897427831783,0.7,0.001,
Circle,10,0.1,logistic,5,1.0,0.3,0.24494897427831783,0.7,0.01,
Circle,10,0.1,logistic,5,1.0,0.3,0.24494897427831783,0.7,0.1,
Circle,10,0.1,logistic,5,1.0,0.3,0.24494897427831783,0.7,1.0,
Circle,10,0.1,logistic,5,1.0,0.3,0.24494897427831783,0.7,10.0,
Circle,10,0.1,logistic,5,1.0,0.3,0.24494897427831783,0.7,100.0,
Circle,10,0.1,logistic,5,1.0,0.3,0.24494897427831783,0.7,1000.0,
Circle,10,0.2,logistic,5,1.0,0.5,0.0,0.5,0.001,
Circle,10,0.2,logistic,5,1.0,0.5,0.0,0.5,0.01,
Circle,10,0.2,logistic,5,1.0,0.5,0.0,0.5,0.1,
Circle,10,0.2,logistic,5,1.0,0.5,0.0,0.5,1.0,
Circle,10,0.2,logistic,5,1.0,0.5,0.0,0.5,10.0,
Circle,10,0.2,logistic,5,1.0,0.5,0.0,0.5,100.0,
Circle,10,0.2,logistic,5,1.0,0.5,0.0,0.5,1000.0,
Circle,10,0.3,logistic,5,1.0,0.5,0.0,0.5,0.001,
Circle,10,0.3,logistic,5,1.0,0.5,0.0,0.5,0.01,
Circle,10,0.3,logistic,5,1.0,0.5,0.0,0.5,0.1,
Circle,10,0.3,logistic,5,1.0,0.5,0.0,0.5,1.0,
Circle,10,0.3,logistic,5,1.0,0.5,0.0,0.5,10.0,
Circle,10,0.3,logistic,5,1.0,0.5,0.0,0.5,100.0,
Circle,10,0.3,logistic,5,1.0,0.5,0.0,0.5,1000.0,
Circle,10,0.4,logistic,5,,,,,0.001,
Circle,10,0.4,logistic,5,,,,,0.01,
Circle,10,0.4,logistic,5,,,,,0.1,
Circle,10,0.4,logistic,5,,,,,1.0,
Circle,10,0.4,logistic,5,,,,,10.0,
Circle,10,0.4,logistic,5,,,,,100.0,
Circle,10,0.4,logistic,5,,,,,1000.0,
Circle,10,0.5,logistic,5,1.0,0.5,0.31622776601683794,0.5,0.001,
Circle,10,0.5,logistic,5,1.0,0.5,0.31622776601683794,0.5,0.01,
Circle,10,0.5,logistic,5,1.0,0.5,0.31622776601683794,0.5,0.1,
Circle,10,0.5,logistic,5,1.0,0.5,0.31622776601683794,0.5,1.0,
Circle,10,0.5,logistic,5,1.0,0.5,0.31622776601683794,0.5,10.0,
Circle,10,0.5,logistic,5,1.0,0.5,0.31622776601683794,0.5,100.0,
Circle,10,0.5,logistic,5,1.0,0.5,0.31622776601683794,0.5,1000.0,
Circle,50,0.0,logistic,5,1.0,0.54,0.04898979485566355,0.45999999999999996,0.001,
Circle,50,0.0,logistic,5,1.0,0.54,0.04898979485566355,0.45999999999999996,0.01,
Circle,50,0.0,logistic,5,1.0,0.54,0.04898979485566355,0.45999999999999996,0.1,
Circle,50,0.0,logistic,5,1.0,0.54,0.04898979485566355,0.45999999999999996,1.0,
Circle,50,0.0,logistic,5,1.0,0.54,0.04898979485566355,0.45999999999999996,10.0,
Circle,50,0.0,logistic,5,1.0,0.54,0.04898979485566355,0.45999999999999996,100.0,
Circle,50,0.0,logistic,5,1.0,0.54,0.04898979485566355,0.45999999999999996,1000.0,
Circle,50,0.1,logistic,5,1.0,0.6,0.1414213562373095,0.4,0.001,
Circle,50,0.1,logistic,5,1.0,0.6,0.1414213562373095,0.4,0.01,
Circle,50,0.1,logistic,5,1.0,0.6,0.1414213562373095,0.4,0.1,
Circle,50,0.1,logistic,5,1.0,0.6,0.1414213562373095,0.4,1.0,
Circle,50,0.1,logistic,5,1.0,0.6,0.1414213562373095,0.4,10.0,
Circle,50,0.1,logistic,5,1.0,0.6,0.1414213562373095,0.4,100.0,
Circle,50,0.1,logistic,5,1.0,0.6,0.1414213562373095,0.4,1000.0,
Circle,50,0.2,logistic,5,1.0,0.5999999999999999,0.1414213562373095,0.40000000000000013,0.001,
Circle,50,0.2,logistic,5,1.0,0.5999999999999999,0.1414213562373095,0.40000000000000013,0.01,
Circle,50,0.2,logistic,5,1.0,0.5999999999999999,0.1414213562373095,0.40000000000000013,0.1,
Circle,50,0.2,logistic,5,1.0,0.5999999999999999,0.1414213562373095,0.40000000000000013,1.0,
Circle,50,0.2,logistic,5,1.0,0.5999999999999999,0.1414213562373095,0.40000000000000013,10.0,
Circle,50,0.2,logistic,5,1.0,0.5999999999999999,0.1414213562373095,0.40000000000000013,100.0,
Circle,50,0.2,logistic,5,1.0,0.5999999999999999,0.1414213562373095,0.40000000000000013,1000.0,
Circle,50,0.3,logistic,5,1.0,0.4,0.10954451150103323,0.6,0.001,
Circle,50,0.3,logistic,5,1.0,0.4,0.10954451150103323,0.6,0.01,
Circle,50,0.3,logistic,5,1.0,0.4,0.10954451150103323,0.6,0.1,
Circle,50,0.3,logistic,5,1.0,0.4,0.10954451150103323,0.6,1.0,
Circle,50,0.3,logistic,5,1.0,0.4,0.10954451150103323,0.6,10.0,
Circle,50,0.3,logistic,5,1.0,0.4,0.10954451150103323,0.6,100.0,
Circle,50,0.3,logistic,5,1.0,0.4,0.10954451150103323,0.6,1000.0,
Circle,50,0.4,logistic,5,1.0,0.5599999999999999,0.07999999999999999,0.44000000000000006,0.001,
Circle,50,0.4,logistic,5,1.0,0.5599999999999999,0.07999999999999999,0.44000000000000006,0.01,
Circle,50,0.4,logistic,5,1.0,0.5599999999999999,0.07999999999999999,0.44000000000000006,0.1,
Circle,50,0.4,logistic,5,1.0,0.5599999999999999,0.07999999999999999,0.44000000000000006,1.0,
Circle,50,0.4,logistic,5,1.0,0.5599999999999999,0.07999999999999999,0.44000000000000006,10.0,
Circle,50,0.4,logistic,5,1.0,0.5599999999999999,0.07999999999999999,0.44000000000000006,100.0,
Circle,50,0.4,logistic,5,1.0,0.5599999999999999,0.07999999999999999,0.44000000000000006,1000.0,
Circle,50,0.5,logistic,5,1.0,0.56,0.10198039027185568,0.43999999999999995,0.001,
Circle,50,0.5,logistic,5,1.0,0.56,0.10198039027185568,0.43999999999999995,0.01,
Circle,50,0.5,logistic,5,1.0,0.56,0.10198039027185568,0.43999999999999995,0.1,
Circle,50,0.5,logistic,5,1.0,0.56,0.10198039027185568,0.43999999999999995,1.0,
Circle,50,0.5,logistic,5,1.0,0.56,0.10198039027185568,0.43999999999999995,10.0,
Circle,50,0.5,logistic,5,1.0,0.56,0.10198039027185568,0.43999999999999995,100.0,
Circle,50,0.5,logistic,5,1.0,0.56,0.10198039027185568,0.43999999999999995,1000.0,
Circle,100,0.0,logistic,5,1.0,0.7699999999999999,0.050990195135927854,0.2300000000000001,0.001,
Circle,100,0.0,logistic,5,1.0,0.7699999999999999,0.050990195135927854,0.2300000000000001,0.01,
Circle,100,0.0,logistic,5,1.0,0.7699999999999999,0.050990195135927854,0.2300000000000001,0.1,
Circle,100,0.0,logistic,5,1.0,0.7699999999999999,0.050990195135927854,0.2300000000000001,1.0,
Circle,100,0.0,logistic,5,1.0,0.7699999999999999,0.050990195135927854,0.2300000000000001,10.0,
Circle,100,0.0,logistic,5,1.0,0.7699999999999999,0.050990195135927854,0.2300000000000001,100.0,
Circle,100,0.0,logistic,5,1.0,0.7699999999999999,0.050990195135927854,0.2300000000000001,1000.0,
Circle,100,0.1,logistic,5,1.0,0.43999999999999995,0.11575836902790225,0.56,0.001,
Circle,100,0.1,logistic,5,1.0,0.43999999999999995,0.11575836902790225,0.56,0.01,
Circle,100,0.1,logistic,5,1.0,0.43999999999999995,0.11575836902790225,0.56,0.1,
Circle,100,0.1,logistic,5,1.0,0.43999999999999995,0.11575836902790225,0.56,1.0,
Circle,100,0.1,logistic,5,1.0,0.43999999999999995,0.11575836902790225,0.56,10.0,
Circle,100,0.1,logistic,5,1.0,0.43999999999999995,0.11575836902790225,0.56,100.0,
Circle,100,0.1,logistic,5,1.0,0.43999999999999995,0.11575836902790225,0.56,1000.0,
Circle,100,0.2,logistic,5,0.9949999999999999,0.56,0.10198039027185568,0.43499999999999983,0.001,
Circle,100,0.2,logistic,5,0.9949999999999999,0.56,0.10198039027185568,0.43499999999999983,0.01,
Circle,100,0.2,logistic,5,0.9949999999999999,0.56,0.10198039027185568,0.43499999999999983,0.1,
Circle,100,0.2,logistic,5,0.9949999999999999,0.56,0.10198039027185568,0.43499999999999983,1.0,
Circle,100,0.2,logistic,5,0.9949999999999999,0.56,0.10198039027185568,0.43499999999999983,10.0,
Circle,100,0.2,logistic,5,0.9949999999999999,0.56,0.10198039027185568,0.43499999999999983,100.0,
Circle,100,0.2,logistic,5,0.9949999999999999,0.56,0.10198039027185568,0.43499999999999983,1000.0,
Circle,100,0.3,logistic,5,1.0,0.6199999999999999,0.07483314773547882,0.3800000000000001,0.001,
Circle,100,0.3,logistic,5,1.0,0.6199999999999999,0.07483314773547882,0.3800000000000001,0.01,
Circle,100,0.3,logistic,5,1.0,0.6199999999999999,0.07483314773547882,0.3800000000000001,0.1,
Circle,100,0.3,logistic,5,1.0,0.6199999999999999,0.07483314773547882,0.3800000000000001,1.0,
Circle,100,0.3,logistic,5,1.0,0.6199999999999999,0.07483314773547882,0.3800000000000001,10.0,
Circle,100,0.3,logistic,5,1.0,0.6199999999999999,0.07483314773547882,0.3800000000000001,100.0,
Circle,100,0.3,logistic,5,1.0,0.6199999999999999,0.07483314773547882,0.3800000000000001,1000.0,
Circle,100,0.4,logistic,5,1.0,0.49000000000000005,0.10677078252031312,0.51,0.001,
Circle,100,0.4,logistic,5,1.0,0.49000000000000005,0.10677078252031312,0.51,0.01,
Circle,100,0.4,logistic,5,1.0,0.49000000000000005,0.10677078252031312,0.51,0.1,
Circle,100,0.4,logistic,5,1.0,0.49000000000000005,0.10677078252031312,0.51,1.0,
Circle,100,0.4,logistic,5,1.0,0.49000000000000005,0.10677078252031312,0.51,10.0,
Circle,100,0.4,logistic,5,1.0,0.49000000000000005,0.10677078252031312,0.51,100.0,
Circle,100,0.4,logistic,5,1.0,0.49000000000000005,0.10677078252031312,0.51,1000.0,
Circle,100,0.5,logistic,5,0.9949999999999999,0.4,0.05477225575051661,0.5949999999999999,0.001,
Circle,100,0.5,logistic,5,0.9949999999999999,0.4,0.05477225575051661,0.5949999999999999,0.01,
Circle,100,0.5,logistic,5,0.9949999999999999,0.4,0.05477225575051661,0.5949999999999999,0.1,
Circle,100,0.5,logistic,5,0.9949999999999999,0.4,0.05477225575051661,0.5949999999999999,1.0,
Circle,100,0.5,logistic,5,0.9949999999999999,0.4,0.05477225575051661,0.5949999999999999,10.0,
Circle,100,0.5,logistic,5,0.9949999999999999,0.4,0.05477225575051661,0.5949999999999999,100.0,
Circle,100,0.5,logistic,5,0.9949999999999999,0.4,0.05477225575051661,0.5949999999999999,1000.0,
Circle,1000,0.0,logistic,5,1.0,1.0,0.0,0.0,0.001,
Circle,1000,0.0,logistic,5,1.0,1.0,0.0,0.0,0.01,
Circle,1000,0.0,logistic,5,1.0,1.0,0.0,0.0,0.1,
Circle,1000,0.0,logistic,5,1.0,1.0,0.0,0.0,1.0,
Circle,1000,0.0,logistic,5,1.0,1.0,0.0,0.0,10.0,
Circle,1000,0.0,logistic,5,1.0,1.0,0.0,0.0,100.0,
Circle,1000,0.0,logistic,5,1.0,1.0,0.0,0.0,1000.0,
Circle,1000,0.1,logistic,5,0.9755,0.793,0.006000000000000005,0.1825,0.001,
Circle,1000,0.1,logistic,5,0.9755,0.793,0.006000000000000005,0.1825,0.01,
Circle,1000,0.1,logistic,5,0.9755,0.793,0.006000000000000005,0.1825,0.1,
Circle,1000,0.1,logistic,5,0.9755,0.793,0.006000000000000005,0.1825,1.0,
Circle,1000,0.1,logistic,5,0.9755,0.793,0.006000000000000005,0.1825,10.0,
Circle,1000,0.1,logistic,5,0.9755,0.793,0.006000000000000005,0.1825,100.0,
Circle,1000,0.1,logistic,5,0.9755,0.793,0.006000000000000005,0.1825,1000.0,
Circle,1000,0.2,logistic,5,0.97725,0.593,0.026381811916545834,0.38425,0.001,
Circle,1000,0.2,logistic,5,0.97725,0.593,0.026381811916545834,0.38425,0.01,
Circle,1000,0.2,logistic,5,0.97725,0.593,0.026381811916545834,0.38425,0.1,
Circle,1000,0.2,logistic,5,0.97725,0.593,0.026381811916545834,0.38425,1.0,
Circle,1000,0.2,logistic,5,0.97725,0.593,0.026381811916545834,0.38425,10.0,
Circle,1000,0.2,logistic,5,0.97725,0.593,0.026381811916545834,0.38425,100.0,
Circle,1000,0.2,logistic,5,0.97725,0.593,0.026381811916545834,0.38425,1000.0,
Circle,1000,0.3,logistic,5,0.9800000000000001,0.544,0.025768197453450253,0.43600000000000005,0.001,
Circle,1000,0.3,logistic,5,0.9800000000000001,0.544,0.025768197453450253,0.43600000000000005,0.01,
Circle,1000,0.3,logistic,5,0.9800000000000001,0.544,0.025768197453450253,0.43600000000000005,0.1,
Circle,1000,0.3,logistic,5,0.9800000000000001,0.544,0.025768197453450253,0.43600000000000005,1.0,
Circle,1000,0.3,logistic,5,0.9800000000000001,0.544,0.025768197453450253,0.43600000000000005,10.0,
Circle,1000,0.3,logistic,5,0.9800000000000001,0.544,0.025768197453450253,0.43600000000000005,100.0,
Circle,1000,0.3,logistic,5,0.9800000000000001,0.544,0.025768197453450253,0.43600000000000005,1000.0,
Circle,1000,0.4,logistic,5,0.9855,0.529,0.03120897306865446,0.4565,0.001,
Circle,1000,0.4,logistic,5,0.9855,0.529,0.03120897306865446,0.4565,0.01,
Circle,1000,0.4,logistic,5,0.9855,0.529,0.03120897306865446,0.4565,0.1,
Circle,1000,0.4,logistic,5,0.9855,0.529,0.03120897306865446,0.4565,1.0,
Circle,1000,0.4,logistic,5,0.9855,0.529,0.03120897306865446,0.4565,10.0,
Circle,1000,0.4,logistic,5,0.9855,0.529,0.03120897306865446,0.4565,100.0,
Circle,1000,0.4,logistic,5,0.9855,0.529,0.03120897306865446,0.4565,1000.0,
Circle,1000,0.5,logistic,5,0.9887499999999999,0.492,0.007483314773547889,0.4967499999999999,0.001,
Circle,1000,0.5,logistic,5,0.9887499999999999,0.492,0.007483314773547889,0.4967499999999999,0.01,
Circle,1000,0.5,logistic,5,0.9887499999999999,0.492,0.007483314773547889,0.4967499999999999,0.1,
Circle,1000,0.5,logistic,5,0.9887499999999999,0.492,0.007483314773547889,0.4967499999999999,1.0,
Circle,1000,0.5,logistic,5,0.9887499999999999,0.492,0.007483314773547889,0.4967499999999999,10.0,
Circle,1000,0.5,logistic,5,0.9887499999999999,0.492,0.007483314773547889,0.4967499999999999,100.0,
Circle,1000,0.5,logistic,5,0.9887499999999999,0.492,0.007483314773547889,0.4967499999999999,1000.0,
Circle,10000,0.0,logistic,5,1.0,1.0,0.0,0.0,0.001,
Circle,10000,0.0,logistic,5,1.0,1.0,0.0,0.0,0.01,
Circle,10000,0.0,logistic,5,1.0,1.0,0.0,0.0,0.1,
Circle,10000,0.0,logistic,5,1.0,1.0,0.0,0.0,1.0,
Circle,10000,0.0,logistic,5,1.0,1.0,0.0,0.0,10.0,
Circle,10000,0.0,logistic,5,1.0,1.0,0.0,0.0,100.0,
Circle,10000,0.0,logistic,5,1.0,1.0,0.0,0.0,1000.0,
Circle,10000,0.1,logistic,5,0.8705999999999999,0.8261999999999998,0.007839642849007887,0.044400000000000106,0.001,
Circle,10000,0.1,logistic,5,0.8705999999999999,0.8261999999999998,0.007839642849007887,0.044400000000000106,0.01,
Circle,10000,0.1,logistic,5,0.8705999999999999,0.8261999999999998,0.007839642849007887,0.044400000000000106,0.1,
Circle,10000,0.1,logistic,5,0.8705999999999999,0.8261999999999998,0.007839642849007887,0.044400000000000106,1.0,
Circle,10000,0.1,logistic,5,0.8705999999999999,0.8261999999999998,0.007839642849007887,0.044400000000000106,10.0,
Circle,10000,0.1,logistic,5,0.8705999999999999,0.8261999999999998,0.007839642849007887,0.044400000000000106,100.0,
Circle,10000,0.1,logistic,5,0.8705999999999999,0.8261999999999998,0.007839642849007887,0.044400000000000106,1000.0,
Circle,10000,0.2,logistic,5,0.8003250000000002,0.6361,0.011897058459972366,0.16422500000000018,0.001,
Circle,10000,0.2,logistic,5,0.8003250000000002,0.6361,0.011897058459972366,0.16422500000000018,0.01,
Circle,10000,0.2,logistic,5,0.8003250000000002,0.6361,0.011897058459972366,0.16422500000000018,0.1,
Circle,10000,0.2,logistic,5,0.8003250000000002,0.6361,0.011897058459972366,0.16422500000000018,1.0,
Circle,10000,0.2,logistic,5,0.8003250000000002,0.6361,0.011897058459972366,0.16422500000000018,10.0,
Circle,10000,0.2,logistic,5,0.8003250000000002,0.6361,0.011897058459972366,0.16422500000000018,100.0,
Circle,10000,0.2,logistic,5,0.8003250000000002,0.6361,0.011897058459972366,0.16422500000000018,1000.0,
Circle,10000,0.3,logistic,5,0.8092,0.563,0.007382411530116668,0.24620000000000009,0.001,
Circle,10000,0.3,logistic,5,0.8092,0.563,0.007382411530116668,0.24620000000000009,0.01,
Circle,10000,0.3,logistic,5,0.8092,0.563,0.007382411530116668,0.24620000000000009,0.1,
Circle,10000,0.3,logistic,5,0.8092,0.563,0.007382411530116668,0.24620000000000009,1.0,
Circle,10000,0.3,logistic,5,0.8092,0.563,0.007382411530116668,0.24620000000000009,10.0,
Circle,10000,0.3,logistic,5,0.8092,0.563,0.007382411530116668,0.24620000000000009,100.0,
Circle,10000,0.3,logistic,5,0.8092,0.563,0.007382411530116668,0.24620000000000009,1000.0,
Circle,10000,0.4,logistic,5,0.8331,0.5477000000000001,0.0058360945845659625,0.2853999999999999,0.001,
Circle,10000,0.4,logistic,5,0.8331,0.5477000000000001,0.0058360945845659625,0.2853999999999999,0.01,
Circle,10000,0.4,logistic,5,0.8331,0.5477000000000001,0.0058360945845659625,0.2853999999999999,0.1,
Circle,10000,0.4,logistic,5,0.8331,0.5477000000000001,0.0058360945845659625,0.2853999999999999,1.0,
Circle,10000,0.4,logistic,5,0.8331,0.5477000000000001,0.0058360945845659625,0.2853999999999999,10.0,
Circle,10000,0.4,logistic,5,0.8331,0.5477000000000001,0.0058360945845659625,0.2853999999999999,100.0,
Circle,10000,0.4,logistic,5,0.8331,0.5477000000000001,0.0058360945845659625,0.2853999999999999,1000.0,
Circle,10000,0.5,logistic,5,0.8496499999999999,0.5307999999999999,0.006794115100585224,0.31884999999999997,0.001,
Circle,10000,0.5,logistic,5,0.8496499999999999,0.5307999999999999,0.006794115100585224,0.31884999999999997,0.01,
Circle,10000,0.5,logistic,5,0.8496499999999999,0.5307999999999999,0.006794115100585224,0.31884999999999997,0.1,
Circle,10000,0.5,logistic,5,0.8496499999999999,0.5307999999999999,0.006794115100585224,0.31884999999999997,1.0,
Circle,10000,0.5,logistic,5,0.8496499999999999,0.5307999999999999,0.006794115100585224,0.31884999999999997,10.0,
Circle,10000,0.5,logistic,5,0.8496499999999999,0.5307999999999999,0.006794115100585224,0.31884999999999997,100.0,
Circle,10000,0.5,logistic,5,0.8496499999999999,0.5307999999999999,0.006794115100585224,0.31884999999999997,1000.0,
